"Path","Category","Bytes","SHA256","Tracked","ModifiedUtc"
"artifacts/stage5/best_quality_view.pt","KEEP_LOCAL_REQUIRED","16354443","1CA66FCFFE590DAC5C4C56D9D1233C29BB51A21000DB7DA4483673C1F7182A74","False","2026-08-03T16:50:39.6552538Z"
"artifacts/stage5/last_quality_view.pt","KEEP_LOCAL_REQUIRED","48646138","C53FB240925DB8758B40438CC424502194EEA6FBB8ED1510C4D2623C33C6634C","False","2026-08-03T16:52:20.1564646Z"
"artifacts/stage6/best_model.pt","KEEP_LOCAL_REQUIRED","28481704","3D94879AFF1D7A88378ED049F9C375AA1390BD47D0BD2611064116282DC12A89","False","2026-08-04T09:32:01.4280679Z"
"artifacts/stage6/last_checkpoint.pt","KEEP_LOCAL_REQUIRED","113053093","DEFERRED_LARGE_FILE","False","2026-08-04T09:37:43.9926627Z"
"artifacts/stage7/comparison/densenet_test_predictions.json","UNKNOWN_REQUIRES_REVIEW","710","5D90F0480286ADD39D49FF270AEE4E9A9710CCA90651B0045DF343CAB69B774D","False","2026-08-04T18:31:48.4370967Z"
"artifacts/stage7/comparison/densenet_test_predictions.safetensors","UNKNOWN_REQUIRES_REVIEW","1996808","2FBBBEFBDD7DCC41E3938C5BAE916CD2901CD8AC3E41D78DCAD70E321123A895","False","2026-08-04T18:31:48.3884151Z"
"artifacts/stage7/patch_token_audit/overlays/Atelectasis/0827564ea6d7b4a5.png","UNKNOWN_REQUIRES_REVIEW","226172","7719A0656C742472D26B3A4C48D644970244E53AB0F2C6CC5E5DDBC7EB10CB1F","False","2026-08-04T20:16:39.0993456Z"
"artifacts/stage7/patch_token_audit/overlays/Atelectasis/8c494140099cc99d.png","UNKNOWN_REQUIRES_REVIEW","231415","D79CE19357072C013F38EC94F5F693F9CCC40500639DA519958B4D2F0CA50C6F","False","2026-08-04T20:16:38.8560210Z"
"artifacts/stage7/patch_token_audit/overlays/Atelectasis/dd6365fc8bcbb8bb.png","UNKNOWN_REQUIRES_REVIEW","206024","09F2546F2FFF03ACCC1718A041D654B17D301C10313092AED7311B1AD0C0CBF4","False","2026-08-04T20:16:38.5799283Z"
"artifacts/stage7/patch_token_audit/overlays/Cardiomegaly/4266ffd989030aa3.png","UNKNOWN_REQUIRES_REVIEW","214093","2827DCC5E889AA5955D3710E354083D060EA2316B7E0DFDE17C5E28C2EC4D149","False","2026-08-04T20:16:30.5386146Z"
"artifacts/stage7/patch_token_audit/overlays/Cardiomegaly/9df6d022e277686f.png","UNKNOWN_REQUIRES_REVIEW","207407","860964CF144C61451E23AC3492D1BA29C8D57B6B1CD55E401C2C6F03B17D91AB","False","2026-08-04T20:16:31.0758189Z"
"artifacts/stage7/patch_token_audit/overlays/Cardiomegaly/eef1856f4c2e27c4.png","UNKNOWN_REQUIRES_REVIEW","227021","4A8A321DB2A4B3BF90BEE82D8F6149500B1F4858A3C1E75628AFE209FF1C21E2","False","2026-08-04T20:16:30.7442962Z"
"artifacts/stage7/patch_token_audit/overlays/Consolidation/397921afd1a2b563.png","UNKNOWN_REQUIRES_REVIEW","212817","3F754BABC48022DB63AFF6A06FCF9CDE8CD6EC36AC40AC321D8524CAD3CABBEE","False","2026-08-04T20:16:36.6173441Z"
"artifacts/stage7/patch_token_audit/overlays/Consolidation/76f0b887f4421cb5.png","UNKNOWN_REQUIRES_REVIEW","232465","3B0ADF41692E2F11EF0D5AEF2F7A749B0195ED02C79D720E9D9A0FEAFD494A8E","False","2026-08-04T20:16:36.0555758Z"
"artifacts/stage7/patch_token_audit/overlays/Consolidation/b4f30ed9ecc156a0.png","UNKNOWN_REQUIRES_REVIEW","239688","0E923EFC27728B798136D48FE628BEB15009AC711A89688F02DCEB96F0241EFC","False","2026-08-04T20:16:36.2685043Z"
"artifacts/stage7/patch_token_audit/overlays/Edema/204170667a936a58.png","UNKNOWN_REQUIRES_REVIEW","194566","115ADB17978FDFF0ECFED2E50AE9B38CC464271D5261AB383FDBF80ED0B1445F","False","2026-08-04T20:16:30.2154109Z"
"artifacts/stage7/patch_token_audit/overlays/Edema/a3882f60aacb3006.png","UNKNOWN_REQUIRES_REVIEW","184420","F5EF4AC884398150D3D2A02E3ECE0166A7F4ACE048B0F6ED3BE68BC0F67FAADF","False","2026-08-04T20:16:29.6842772Z"
"artifacts/stage7/patch_token_audit/overlays/Edema/a6fb61f9de1f2ce0.png","UNKNOWN_REQUIRES_REVIEW","223170","DB7829627A9FAF4A756CEBC6CEBF7CE1CD3AA87629BDF0B4FF8232198D0456EC","False","2026-08-04T20:16:29.9378614Z"
"artifacts/stage7/patch_token_audit/overlays/Effusion/6c1414769595ddfe.png","UNKNOWN_REQUIRES_REVIEW","223709","F0E9BC2147EE7F4363F6600D0F8738870E070F58F5AF487BF9F092B6DD1FA91E","False","2026-08-04T20:16:39.7516608Z"
"artifacts/stage7/patch_token_audit/overlays/Effusion/b5ec52564b969b5b.png","UNKNOWN_REQUIRES_REVIEW","197472","417E0AD7881CA928EF4523A07F0A1219F891B3E4F1A77BC1FF2C1CBE38204E09","False","2026-08-04T20:16:39.4594553Z"
"artifacts/stage7/patch_token_audit/overlays/Effusion/c7d2da9a07253566.png","UNKNOWN_REQUIRES_REVIEW","207446","49EB4CA37C4814DB85C9990E0922707665A9CDB25A2928D92E8A35F89CB3E823","False","2026-08-04T20:16:40.0703027Z"
"artifacts/stage7/patch_token_audit/overlays/Emphysema/2c152a45eaee26a3.png","UNKNOWN_REQUIRES_REVIEW","197750","9CDFB714CA59F7B759475AF5310F2A988EADEB3020D7ED28154BAC3E7982E45B","False","2026-08-04T20:16:31.2655462Z"
"artifacts/stage7/patch_token_audit/overlays/Emphysema/38587389b5694632.png","UNKNOWN_REQUIRES_REVIEW","252660","10015E6F89EBE81D814D1DEB07B08EC2EB8CE456F81B1A200B671892EBDD9184","False","2026-08-04T20:16:32.5140702Z"
"artifacts/stage7/patch_token_audit/overlays/Emphysema/f5761dcb0a380dab.png","UNKNOWN_REQUIRES_REVIEW","221447","B54D730C44AEB47A4DB6302E7CD574BE26988AD20CAD7D6F26E4503282309E3E","False","2026-08-04T20:16:32.2625083Z"
"artifacts/stage7/patch_token_audit/overlays/Fibrosis/13f87470a07239c0.png","UNKNOWN_REQUIRES_REVIEW","224310","37269BA52C2A8A22325836A21462622A11C4E72C3F04B9634E627B6BD8CF6AFE","False","2026-08-04T20:16:27.2323845Z"
"artifacts/stage7/patch_token_audit/overlays/Fibrosis/2a9683dd6d7cefe6.png","UNKNOWN_REQUIRES_REVIEW","221482","021A89BFC7C7A8539096F67B07A486C8A9F69D7ED15D8B84F11F2B50E1EB9C28","False","2026-08-04T20:16:27.7655252Z"
"artifacts/stage7/patch_token_audit/overlays/Fibrosis/71de6b9b8d5235c0.png","UNKNOWN_REQUIRES_REVIEW","221643","9FD1378DB3AAD7EC63E5E172ECFB834D92EA69501D17E925230A53AA7FA4380C","False","2026-08-04T20:16:27.5240726Z"
"artifacts/stage7/patch_token_audit/overlays/Hernia/04fe0132e0764c99.png","UNKNOWN_REQUIRES_REVIEW","190879","9C4BE40C1B1FB8C2A575735870A4713E5AA3ECBFA5DACC994FF373C1A2A2DE6F","False","2026-08-04T20:16:26.6561053Z"
"artifacts/stage7/patch_token_audit/overlays/Hernia/3422683d6464ad01.png","UNKNOWN_REQUIRES_REVIEW","219528","9A4B21A1593458B442372272D60DE4A4BAE37C08C3562E5195B2FE6AB31F259F","False","2026-08-04T20:16:26.9101370Z"
"artifacts/stage7/patch_token_audit/overlays/Hernia/6f9d5e3f8c231a8c.png","UNKNOWN_REQUIRES_REVIEW","213289","7A2A4C76F4ABA686CE615D7CD3DAB93A52D3CB3183B3B2EBBCB9AA73946EFFA9","False","2026-08-04T20:16:26.3006803Z"
"artifacts/stage7/patch_token_audit/overlays/Infiltration/1c0215130d93e7b9.png","UNKNOWN_REQUIRES_REVIEW","207496","84DFF26FF9BF1CE0388F4CFE125D9260D348CEBF16DE80B55A9302F320143365","False","2026-08-04T20:16:41.6947151Z"
"artifacts/stage7/patch_token_audit/overlays/Infiltration/837d4a04e6c41da6.png","UNKNOWN_REQUIRES_REVIEW","224154","2F206615DE347770805F4ACA9EC1002B3627D3282575F3548159070644F63D57","False","2026-08-04T20:16:41.9746414Z"
"artifacts/stage7/patch_token_audit/overlays/Infiltration/e98dac32901c9565.png","UNKNOWN_REQUIRES_REVIEW","208395","B2063AB6B58352A6B11C017299D33AD705EC1E287056ECDBE7E20166A8F0BADF","False","2026-08-04T20:16:40.3901828Z"
"artifacts/stage7/patch_token_audit/overlays/Mass/00d8c9370934b716.png","UNKNOWN_REQUIRES_REVIEW","221526","F892D628954C762153559635E0AA5A90231A9A59E6D9E3DA95638ABFEBD7B983","False","2026-08-04T20:16:35.1172747Z"
"artifacts/stage7/patch_token_audit/overlays/Mass/d970c5c236d4e991.png","UNKNOWN_REQUIRES_REVIEW","205286","B497816E9F4FD4B7D7FD059826FB62E952AF4375C1EC4755DCE47DEB98F79E03","False","2026-08-04T20:16:35.7275085Z"
"artifacts/stage7/patch_token_audit/overlays/Mass/f21b30ef7ca61656.png","UNKNOWN_REQUIRES_REVIEW","211469","D0E21B8B0C6DFE4BA74065328FC555A8A145CDBED817B727E479DFBC14D553EB","False","2026-08-04T20:16:35.4634149Z"
"artifacts/stage7/patch_token_audit/overlays/Nodule/4c6abaf8d4deda63.png","UNKNOWN_REQUIRES_REVIEW","233945","F9D9254A0A326224E048716C1A304107170B9D692C67DDA42B98F50782604CC4","False","2026-08-04T20:16:33.8649433Z"
"artifacts/stage7/patch_token_audit/overlays/Nodule/9a33e32e843df070.png","UNKNOWN_REQUIRES_REVIEW","238534","82514AA46758F4E831FEA72CF0756EEAC12B59033935C10B509578C0F3C919D7","False","2026-08-04T20:16:33.6095889Z"
"artifacts/stage7/patch_token_audit/overlays/Nodule/c721c3b60ed721e3.png","UNKNOWN_REQUIRES_REVIEW","226548","0D187E08F14FFBC1510CE40C9A8B9C084FABA8712586C2123469864A3CA78282","False","2026-08-04T20:16:34.1194883Z"
"artifacts/stage7/patch_token_audit/overlays/No_Finding/06bc9f4804b737da.png","UNKNOWN_REQUIRES_REVIEW","212504","4846B2912D677967695D5A6C3E44BDBFD9C1B699145CAD2B9360A6F2A2B52F88","False","2026-08-04T20:16:43.2137198Z"
"artifacts/stage7/patch_token_audit/overlays/No_Finding/2491ba85eb5cb9f0.png","UNKNOWN_REQUIRES_REVIEW","229699","39690E94E3438277B72D46CF9766191DB531C1E99B80D29C4909A75AF7A28722","False","2026-08-04T20:16:43.4938725Z"
"artifacts/stage7/patch_token_audit/overlays/No_Finding/53f74a99bda353ce.png","UNKNOWN_REQUIRES_REVIEW","188352","2C05C63F6D586E51CB9AFB6FFEA450DC21FAB4FB0D706EA30F9F897D2562BF5B","False","2026-08-04T20:16:42.6004412Z"
"artifacts/stage7/patch_token_audit/overlays/No_Finding/5a1d1b7c71518ad2.png","UNKNOWN_REQUIRES_REVIEW","208443","2F5A0A4B7BB6A2AFD7CD2DBF6C594AE163DD94F07F6CC696687489E5279CB273","False","2026-08-04T20:16:42.9125786Z"
"artifacts/stage7/patch_token_audit/overlays/No_Finding/b012c7fde0406484.png","UNKNOWN_REQUIRES_REVIEW","246046","25038229E07B4A616CB18A62745D289DEE8DA954F0D6F074BF0FC1899DDDF6C8","False","2026-08-04T20:16:43.7622798Z"
"artifacts/stage7/patch_token_audit/overlays/No_Finding/f1f5932e968a87f7.png","UNKNOWN_REQUIRES_REVIEW","239406","AA36C9BA8A04D67D06C4FDEB82CC1EF4C6BB007A215F0BEEDA15DD9897D7BC4B","False","2026-08-04T20:16:42.2565741Z"
"artifacts/stage7/patch_token_audit/overlays/Pleural_Thickening/3b5dbef2aa021abb.png","UNKNOWN_REQUIRES_REVIEW","205815","13307EFA96DD74045A4B61F5C71502E5831C17096F9E5E827A839A02B92C1218","False","2026-08-04T20:16:33.0677151Z"
"artifacts/stage7/patch_token_audit/overlays/Pleural_Thickening/51a01847001ff0e8.png","UNKNOWN_REQUIRES_REVIEW","240800","51199D857819E2DEEE44F865B1819C4EBAE78036B4A0E322ECC0BD57751A5D0C","False","2026-08-04T20:16:33.3383601Z"
"artifacts/stage7/patch_token_audit/overlays/Pleural_Thickening/e2c34e6e1c95ea00.png","UNKNOWN_REQUIRES_REVIEW","225599","F4EFD6AF0EEE36364DFEA5B405011EAF0BEE177FCFC81FDBAAEC99B93D33F512","False","2026-08-04T20:16:32.7713704Z"
"artifacts/stage7/patch_token_audit/overlays/Pneumonia/2b95944fd39c6d92.png","UNKNOWN_REQUIRES_REVIEW","204898","A4EB6B342912D3F645C046B1D4F70D0347F421BBB09D76F95E1C06020E93C3D3","False","2026-08-04T20:16:29.3257788Z"
"artifacts/stage7/patch_token_audit/overlays/Pneumonia/b4539cd4f36ffe8b.png","UNKNOWN_REQUIRES_REVIEW","215793","9104491228D52C50142691CC52BA04C4DB57D7C73024670D506D43C05C564CE8","False","2026-08-04T20:16:28.0987892Z"
"artifacts/stage7/patch_token_audit/overlays/Pneumonia/e93fafcac2cd4eda.png","UNKNOWN_REQUIRES_REVIEW","228484","9CB43CCCC375755B54CEA78159235B1E9B579F7BB7C693BB72A4E9C11DC8ACAB","False","2026-08-04T20:16:28.2920806Z"
"artifacts/stage7/patch_token_audit/overlays/Pneumothorax/05541356a1293973.png","UNKNOWN_REQUIRES_REVIEW","245089","314F2FC4D9FAFF00F387EA1BCF56F76236F2A3A636BBE25B704C1431806AFE5B","False","2026-08-04T20:16:36.8630015Z"
"artifacts/stage7/patch_token_audit/overlays/Pneumothorax/0a90f3944a4a6a5a.png","UNKNOWN_REQUIRES_REVIEW","205342","64EC2A263DB81987815CE046834932EFE12BA3F2731C08ABC3F52B9A7836DA93","False","2026-08-04T20:16:37.1716691Z"
"artifacts/stage7/patch_token_audit/overlays/Pneumothorax/58b188f73e06f2d7.png","UNKNOWN_REQUIRES_REVIEW","210523","283C6FA9DBB1AAFE36E2A79AF8D450AB959A2CD56E7F96AF48BEA37DD38D93EB","False","2026-08-04T20:16:38.2917670Z"
"artifacts/stage7/probes/champion_model.pt","KEEP_LOCAL_REQUIRED","45621","87F7781D6A1FC0AFCE1FB21D33C483275C13148EB8A47750DCFC1612B926BBB3","False","2026-08-04T16:07:36.5149034Z"
"artifacts/stage7/probes/champion_predictions.safetensors","UNKNOWN_REQUIRES_REVIEW","2403548","64A12958C94DC4E8E27B7E324D652F44B2DAE74CD87A3D8D0AA63CD7EEC23446","False","2026-08-04T16:07:36.5149034Z"
"artifacts/stage7/probes/normalization.safetensors","UNKNOWN_REQUIRES_REVIEW","6344","5D58BF3119438FF912AFA648753DAAAA1A035DE5BD9E3E2AB4CC0408DBD6689B","False","2026-08-04T16:07:36.5149034Z"
"artifacts/stage7/probes/linear/best_model.pt","KEEP_LOCAL_REQUIRED","46869","AB84CC037D016086B51B171C179670ED3BA2BD60F44D670A49F568C5C1385B0D","False","2026-08-04T16:07:09.4472885Z"
"artifacts/stage7/probes/linear/last_checkpoint.pt","KEEP_LOCAL_REQUIRED","136551","AF40C89E0CDAE3F5F3CC527CC951D6F0CB57CDD1BA94FE40C09F86C1ACA02CD8","False","2026-08-04T16:07:17.3751815Z"
"artifacts/stage7/probes/mlp/best_model.pt","KEEP_LOCAL_REQUIRED","1608089","17C2EC2F21EA34F57CD25E79288F4F82FF1D10926325831910B1D5F05C1AAB51","False","2026-08-04T16:07:25.6582144Z"
"artifacts/stage7/probes/mlp/last_checkpoint.pt","KEEP_LOCAL_REQUIRED","4820389","A37F7ED375E642F81EFFFB14C25C799CC45D92075C8DC5B4B8702CD162927A8B","False","2026-08-04T16:07:35.4065229Z"
"artifacts/stage7/rad_dino_cls/manifest.json","UNKNOWN_REQUIRES_REVIEW","47957","CCCEC087E0D5AE83F8B5D1B5DEB021CB8C38A56E24AA290E51358EE77DCB8FF6","False","2026-08-04T15:40:09.7402451Z"
"artifacts/stage7/rad_dino_cls/progress_manifest.json","UNKNOWN_REQUIRES_REVIEW","47957","CCCEC087E0D5AE83F8B5D1B5DEB021CB8C38A56E24AA290E51358EE77DCB8FF6","False","2026-08-04T15:40:08.8287847Z"
"artifacts/stage7/rad_dino_cls/test-00000-of-00007.jsonl","UNKNOWN_REQUIRES_REVIEW","508945","BE5E5D6762368EDCF00D8257B66EC5D1AD6EB7A6E2E83547223C5EF2731C66A5","False","2026-08-04T15:18:45.7535686Z"
"artifacts/stage7/rad_dino_cls/test-00000-of-00007.safetensors","UNKNOWN_REQUIRES_REVIEW","6381976","F90507810B869943665D158D19763FE9A235731270FA95ABE8D79092C9858B7C","False","2026-08-04T15:18:45.7535686Z"
"artifacts/stage7/rad_dino_cls/test-00001-of-00007.jsonl","UNKNOWN_REQUIRES_REVIEW","514782","7D44A1D8AE4D0B9288A76117DA9A0D16CF8E0221F7A35FB5131E678FED591E01","False","2026-08-04T15:22:49.5906821Z"
"artifacts/stage7/rad_dino_cls/test-00001-of-00007.safetensors","UNKNOWN_REQUIRES_REVIEW","6381976","36FDD3F2544919D5EA1A52BE5A558C44FD618A493BC14FABC4D1516A43D68AED","False","2026-08-04T15:22:49.5906821Z"
"artifacts/stage7/rad_dino_cls/test-00002-of-00007.jsonl","UNKNOWN_REQUIRES_REVIEW","519616","4A7ED7CCF78361257390A9B58E17922B573F7AE2E03F5150D1C9DEAD3F0C9A4C","False","2026-08-04T15:26:53.8324307Z"
"artifacts/stage7/rad_dino_cls/test-00002-of-00007.safetensors","UNKNOWN_REQUIRES_REVIEW","6381976","E7164D42DAA002EA55FDB7BA0F1614D6A8ED13F028430D032655DF2BE250A378","False","2026-08-04T15:26:53.8221908Z"
"artifacts/stage7/rad_dino_cls/test-00003-of-00007.jsonl","UNKNOWN_REQUIRES_REVIEW","522843","8B56E0548847263B4A576DEEE908DE39C743566BC2FFC26312451B4F722E6B91","False","2026-08-04T15:30:57.8796914Z"
"artifacts/stage7/rad_dino_cls/test-00003-of-00007.safetensors","UNKNOWN_REQUIRES_REVIEW","6381976","311B012E775083ED10AB58C62AAB345861D1F67D07E97E1608449349CC4CC011","False","2026-08-04T15:30:57.8796914Z"
"artifacts/stage7/rad_dino_cls/test-00004-of-00007.jsonl","UNKNOWN_REQUIRES_REVIEW","529085","161386141A5DBB44DFDC482943D8ECF255967F84521622B30321DC023A8F252F","False","2026-08-04T15:35:02.8660603Z"
"artifacts/stage7/rad_dino_cls/test-00004-of-00007.safetensors","UNKNOWN_REQUIRES_REVIEW","6381976","5874545A458555FB58F746E0CEE1A3CC3DF1A737F904BB029332462DED5B975B","False","2026-08-04T15:35:02.8660603Z"
"artifacts/stage7/rad_dino_cls/test-00005-of-00007.jsonl","UNKNOWN_REQUIRES_REVIEW","507267","2CD173BEB2DD0ACDA0BADE86EAB340F56CE3949AE83B97D0D1D159B56AC20FF0","False","2026-08-04T15:39:07.5876368Z"
"artifacts/stage7/rad_dino_cls/test-00005-of-00007.safetensors","UNKNOWN_REQUIRES_REVIEW","6381976","A480C39B1D416379814BD0B3BEE17D6C87BE8CA5EC229A3A94F0B09F9EBB9027","False","2026-08-04T15:39:07.5876368Z"
"artifacts/stage7/rad_dino_cls/test-00006-of-00007.jsonl","UNKNOWN_REQUIRES_REVIEW","122422","A2A187E5C81BBDE9EBF36CC00BCE734673BE898BA6086D62F1A17C14FE94207B","False","2026-08-04T15:40:08.6075639Z"
"artifacts/stage7/rad_dino_cls/test-00006-of-00007.safetensors","UNKNOWN_REQUIRES_REVIEW","1589568","634749AB20AE06E61C81F1A5C1B5768924357C464A6B595F9FA0BD51C20CCF1D","False","2026-08-04T15:40:08.6075639Z"
"artifacts/stage7/rad_dino_cls/train-00000-of-00019.jsonl","UNKNOWN_REQUIRES_REVIEW","479931","8EC0BFD0EE96B8B6A1587AFEF2BF2F101C49EE140949698133465E26A2C00C17","False","2026-08-04T13:52:05.3925700Z"
"artifacts/stage7/rad_dino_cls/train-00000-of-00019.safetensors","UNKNOWN_REQUIRES_REVIEW","6381976","473F8D928B1D73475513A544309B966B06E19CE6E6DB5F638B747D9905E2BAFD","False","2026-08-04T13:52:05.3765276Z"
"artifacts/stage7/rad_dino_cls/train-00001-of-00019.jsonl","UNKNOWN_REQUIRES_REVIEW","483008","13D3768067155A850CA3B8749D66A2D3EC56461F7B2119FF7F2ECBA420025992","False","2026-08-04T13:55:58.9013782Z"
"artifacts/stage7/rad_dino_cls/train-00001-of-00019.safetensors","UNKNOWN_REQUIRES_REVIEW","6381976","EDED7F271E19C2A49B3FA78A9EEFD401EC42E7A5B7A1A23304A4AA27508BD849","False","2026-08-04T13:55:58.9013782Z"
"artifacts/stage7/rad_dino_cls/train-00002-of-00019.jsonl","UNKNOWN_REQUIRES_REVIEW","485217","86B76059A8384F341CD2532CD3EBA0451ED895AB642818AAEC226305D1A65FD4","False","2026-08-04T13:59:57.7491815Z"
"artifacts/stage7/rad_dino_cls/train-00002-of-00019.safetensors","UNKNOWN_REQUIRES_REVIEW","6381976","847EF2EC22EA01F651D4C197232E61BDEFD6F0177B46D040CA67564E20EC2976","False","2026-08-04T13:59:57.7491815Z"
"artifacts/stage7/rad_dino_cls/train-00003-of-00019.jsonl","UNKNOWN_REQUIRES_REVIEW","486600","880AC1B7D56392EDCFA595B9868AE786D2CF3E96535476BA7CF107A4AD0F9F85","False","2026-08-04T14:03:59.8375773Z"
"artifacts/stage7/rad_dino_cls/train-00003-of-00019.safetensors","UNKNOWN_REQUIRES_REVIEW","6381976","356C879144A17B518B8D681EB3E8930C144C5473827A43C1716DF522EA758C33","False","2026-08-04T14:03:59.8342550Z"
"artifacts/stage7/rad_dino_cls/train-00004-of-00019.jsonl","UNKNOWN_REQUIRES_REVIEW","486969","8844C4A4A181747DAD27E38AE43A0D0CDC77635D71C303AACCCC2F301872893C","False","2026-08-04T14:08:02.2893672Z"
"artifacts/stage7/rad_dino_cls/train-00004-of-00019.safetensors","UNKNOWN_REQUIRES_REVIEW","6381976","478626514766390975F6DF30520C4D1D06C9ECD19D8EDABBF7EDC5DFDAA99E98","False","2026-08-04T14:08:02.2799337Z"
"artifacts/stage7/rad_dino_cls/train-00005-of-00019.jsonl","UNKNOWN_REQUIRES_REVIEW","488318","6E90B4CEFEE38C9CE582F0B7F649C5AB9A8B2A28DB77D03ED588F6671A786C7F","False","2026-08-04T14:12:04.0066251Z"
"artifacts/stage7/rad_dino_cls/train-00005-of-00019.safetensors","UNKNOWN_REQUIRES_REVIEW","6381976","7931C089692FA19E88101B0A7593C24A7C0481AA86D871B9DECA86FEE5E17B07","False","2026-08-04T14:12:04.0066251Z"
"artifacts/stage7/rad_dino_cls/train-00006-of-00019.jsonl","UNKNOWN_REQUIRES_REVIEW","488354","5CC5E65B0F7752FB463F9D60A3F83215FB4D439D7B15243031F1CB0B9B15D24C","False","2026-08-04T14:16:05.7237883Z"
"artifacts/stage7/rad_dino_cls/train-00006-of-00019.safetensors","UNKNOWN_REQUIRES_REVIEW","6381976","2C4D8EA5799434DC2F7D88E3DFE9B4E69EFB46B356EBA7FB8345A60C550D0A55","False","2026-08-04T14:16:05.7081483Z"
"artifacts/stage7/rad_dino_cls/train-00007-of-00019.jsonl","UNKNOWN_REQUIRES_REVIEW","493436","F2C735D32A95597E341E7AF17B5984A4999D3EC75A34842A545F7F290DE66CA7","False","2026-08-04T14:20:05.4316856Z"
"artifacts/stage7/rad_dino_cls/train-00007-of-00019.safetensors","UNKNOWN_REQUIRES_REVIEW","6381976","7E7B3C6B241EE128475F957C4B2107F509562B8CC096A80E87CCCFE83DD9848F","False","2026-08-04T14:20:05.4286818Z"
"artifacts/stage7/rad_dino_cls/train-00008-of-00019.jsonl","UNKNOWN_REQUIRES_REVIEW","492931","92DB6F3D68E586DB72BC4072D5B8E1366EB0FBA768510337B0A0E7D2061E93C7","False","2026-08-04T14:24:05.2229426Z"
"artifacts/stage7/rad_dino_cls/train-00008-of-00019.safetensors","UNKNOWN_REQUIRES_REVIEW","6381976","FAFA097ED26510403ADB1AC84FCC69BA9280BF58BAAD7C6904FDEFF08728BC74","False","2026-08-04T14:24:05.2229426Z"
"artifacts/stage7/rad_dino_cls/train-00009-of-00019.jsonl","UNKNOWN_REQUIRES_REVIEW","494231","543C8B82BC768F8506410018FE4D7641689EB42DD914E67F79128B7789A95686","False","2026-08-04T14:28:03.8637480Z"
"artifacts/stage7/rad_dino_cls/train-00009-of-00019.safetensors","UNKNOWN_REQUIRES_REVIEW","6381976","376D77769C2695209B9A7E7BE089B2512D9B3B333B8B54626FA1F21DDD6A67D2","False","2026-08-04T14:28:03.8637480Z"
"artifacts/stage7/rad_dino_cls/train-00010-of-00019.jsonl","UNKNOWN_REQUIRES_REVIEW","494533","D79FC1C8DB36132C264EFF18214D650595622B704F1198A9D8F1288E7E913905","False","2026-08-04T14:32:03.1004222Z"
"artifacts/stage7/rad_dino_cls/train-00010-of-00019.safetensors","UNKNOWN_REQUIRES_REVIEW","6381976","A0524588BF82FD40F5F0D06E1429320434D154A544D963F1E9D35C40E392CB8B","False","2026-08-04T14:32:03.1004222Z"
"artifacts/stage7/rad_dino_cls/train-00011-of-00019.jsonl","UNKNOWN_REQUIRES_REVIEW","495872","918406E3222C6BE8EED894E9D0BB4246EDB8C27A1DA329C3E11F8D399D5A73D3","False","2026-08-04T14:36:02.0052166Z"
"artifacts/stage7/rad_dino_cls/train-00011-of-00019.safetensors","UNKNOWN_REQUIRES_REVIEW","6381976","8AA53A09BC2A702273774B6F5A86BBCB2363389F4144E54A5EBEF2F9D4BBFD7B","False","2026-08-04T14:36:01.9954466Z"
"artifacts/stage7/rad_dino_cls/train-00012-of-00019.jsonl","UNKNOWN_REQUIRES_REVIEW","497155","CA24D6E2D2AC0BEED10CFE03B019C00457CC8E71E498EF0BBB2B822EB7529FEA","False","2026-08-04T14:40:01.0728573Z"
"artifacts/stage7/rad_dino_cls/train-00012-of-00019.safetensors","UNKNOWN_REQUIRES_REVIEW","6381976","2B131C470C4C20CBF2DD6B4D8FBF0C400C081459FB27918A64EE43F0ADEE8DC3","False","2026-08-04T14:40:01.0627457Z"
"artifacts/stage7/rad_dino_cls/train-00013-of-00019.jsonl","UNKNOWN_REQUIRES_REVIEW","502754","69C095D16DFA7152C6B56C60B6A465379D2F61DAE7B5606F9BEC7A75C1517D27","False","2026-08-04T14:44:01.4987623Z"
"artifacts/stage7/rad_dino_cls/train-00013-of-00019.safetensors","UNKNOWN_REQUIRES_REVIEW","6381976","765FBE12DB849618BFE9138CCF3E03DE5D50B0EBA8D71ABF1AA404BE30AB8BAA","False","2026-08-04T14:44:01.4987623Z"
"artifacts/stage7/rad_dino_cls/train-00014-of-00019.jsonl","UNKNOWN_REQUIRES_REVIEW","503481","CC7FAF8663EC37F1ECEEF9BB5B328D77D3651ED7E23CE621A048DAA96091BE62","False","2026-08-04T14:48:02.0139856Z"
"artifacts/stage7/rad_dino_cls/train-00014-of-00019.safetensors","UNKNOWN_REQUIRES_REVIEW","6381976","0F2814365336CB88FED6E4B09517216DABE7CB9696280E180215458B170A213A","False","2026-08-04T14:48:02.0139856Z"
"artifacts/stage7/rad_dino_cls/train-00015-of-00019.jsonl","UNKNOWN_REQUIRES_REVIEW","498043","8F23804C660CFB01C2AD1D8054016CC13E3B146A9C8F1DA84C46A8BA01682DF3","False","2026-08-04T14:52:02.2975662Z"
"artifacts/stage7/rad_dino_cls/train-00015-of-00019.safetensors","UNKNOWN_REQUIRES_REVIEW","6381976","27E3814707E5C9F8BCCF5D8BBFF33EFB366AA0B7EB0CF3F204AE22A423C34545","False","2026-08-04T14:52:02.2975662Z"
"artifacts/stage7/rad_dino_cls/train-00016-of-00019.jsonl","UNKNOWN_REQUIRES_REVIEW","486387","4F381A050A1B894F27C033725762351752CBF856FF7E22B4C054ACFF943970CF","False","2026-08-04T14:56:03.5878775Z"
"artifacts/stage7/rad_dino_cls/train-00016-of-00019.safetensors","UNKNOWN_REQUIRES_REVIEW","6381976","B125C7E8F348E0A1FAC6B5F702A0E16B280ED19B4D98C37A1DA2F77301B151D8","False","2026-08-04T14:56:03.5878775Z"
"artifacts/stage7/rad_dino_cls/train-00017-of-00019.jsonl","UNKNOWN_REQUIRES_REVIEW","496271","929959F0126EB0DBDF1BEA6276F0EF061AAD1B30CCBBCD6D341140F3908CCE1D","False","2026-08-04T15:00:02.7668645Z"
"artifacts/stage7/rad_dino_cls/train-00017-of-00019.safetensors","UNKNOWN_REQUIRES_REVIEW","6381976","6F9B34F79AB915A6D60820C22D4C4FFECEFB21FE3B68774A5B67F25DA681FE5A","False","2026-08-04T15:00:02.7562860Z"
"artifacts/stage7/rad_dino_cls/train-00018-of-00019.jsonl","UNKNOWN_REQUIRES_REVIEW","505710","D6108A34EB87E9BD1F305B80F43862503957524978EA072E172E2DB963853F9F","False","2026-08-04T15:04:00.3719268Z"
"artifacts/stage7/rad_dino_cls/train-00018-of-00019.safetensors","UNKNOWN_REQUIRES_REVIEW","6329004","11C1AA1CF2050A901E0E3DD1778EE5DEC1AEEC5000D6D404728BB48FA6EAC5D9","False","2026-08-04T15:04:00.3559025Z"
"artifacts/stage7/rad_dino_cls/validation-00000-of-00003.jsonl","UNKNOWN_REQUIRES_REVIEW","510548","D1D649D7F10DCBB33F3B914DFFB373C3EEDB1963C47EF7CFC20185BF71014D8B","False","2026-08-04T15:08:05.9502161Z"
"artifacts/stage7/rad_dino_cls/validation-00000-of-00003.safetensors","UNKNOWN_REQUIRES_REVIEW","6381976","3369FB052E2C7C1A9BACCB1211AC6FD7FA8B568070848B3D795280F43C2C6448","False","2026-08-04T15:08:05.9422831Z"
"artifacts/stage7/rad_dino_cls/validation-00001-of-00003.jsonl","UNKNOWN_REQUIRES_REVIEW","516816","B90613B949CD78EB34F199C16238746BEFF89444EF77EF2785646F33F1B6FFEA","False","2026-08-04T15:14:08.2219016Z"
"artifacts/stage7/rad_dino_cls/validation-00001-of-00003.safetensors","UNKNOWN_REQUIRES_REVIEW","6381976","6F29F536F82EBF3F94C1FB2609C259125148883F33E145CE30C8C7CC66EBD6B5","False","2026-08-04T15:14:08.2193851Z"
"artifacts/stage7/rad_dino_cls/validation-00002-of-00003.jsonl","UNKNOWN_REQUIRES_REVIEW","70098","BE421B18C620B43FE20AE81225F35BF31DF3465A00CFD406059794C76CC77F3E","False","2026-08-04T15:14:40.9070672Z"
"artifacts/stage7/rad_dino_cls/validation-00002-of-00003.safetensors","UNKNOWN_REQUIRES_REVIEW","844836","78587E83941A288618827423976C56D7A96C056579FDC5AA9F4B2334074BDE90","False","2026-08-04T15:14:40.9070672Z"
"artifacts/stage8/chexmask/chexmask_nih_index.sqlite","KEEP_LOCAL_REQUIRED","2160156672","DEFERRED_LARGE_FILE","False","2026-08-04T20:42:21.1313041Z"
"artifacts/stage8/chexmask/stage8a_local_summary.json","UNKNOWN_REQUIRES_REVIEW","2012","E3E9D305E07F8A32C10AEB9F8DFEB5F5E672CC082ED9B19EF53A17186E1A5516","False","2026-08-04T20:42:29.4143093Z"
"artifacts/stage8/final_segmentation_model/manifest.json","UNKNOWN_REQUIRES_REVIEW","1000","7365B7247023F7CC93650166477065B58C27396F2EB53790465C78200AD36A1B","False","2026-08-05T12:11:42.7351671Z"
"artifacts/stage8/final_segmentation_model/trustcxr_stage8_unet_resnet34.pt","KEEP_LOCAL_REQUIRED","97903655","F97E6F94EA0AD5F33C98BDEFFE3BF19F3D168C0BD41317E083FA08361CBA00BA","False","2026-08-05T10:13:12.8987813Z"
"artifacts/stage8/stage8b_unet_resnet34/best_checkpoint.pt","KEEP_LOCAL_REQUIRED","97903591","7A9252D504D49253789A6421114EF66D9E26F95B35C151D519B40F21E83B7318","False","2026-08-05T01:05:47.3211763Z"
"artifacts/stage8/stage8b_unet_resnet34/last_checkpoint.pt","KEEP_LOCAL_REQUIRED","293500231","DEFERRED_LARGE_FILE","False","2026-08-05T01:18:39.0467891Z"
"artifacts/stage8/stage8b_unet_resnet34/stage8b_local_summary.json","UNKNOWN_REQUIRES_REVIEW","3161","0491D0C7E4CD5B84986C14AC850BF694AAC2AC23228CE0E5E88302248385DA87","False","2026-08-05T01:30:02.6641163Z"
"artifacts/stage8/stage8c_coverage_continuation/best_checkpoint.pt","KEEP_LOCAL_REQUIRED","97903655","F97E6F94EA0AD5F33C98BDEFFE3BF19F3D168C0BD41317E083FA08361CBA00BA","False","2026-08-05T10:13:12.8987813Z"
"artifacts/stage8/stage8c_coverage_continuation/last_checkpoint.pt","KEEP_LOCAL_REQUIRED","293500551","DEFERRED_LARGE_FILE","False","2026-08-05T10:34:53.6135860Z"
"artifacts/stage8/stage8c_coverage_continuation/stage8c_local_summary.json","UNKNOWN_REQUIRES_REVIEW","2208","64BBE1117534775BE633749097F92CCAE648636C15743CF21EBC76B0F388413D","False","2026-08-05T10:35:59.1885674Z"
"artifacts/stage8/stage8d_comparison/final_candidate.json","UNKNOWN_REQUIRES_REVIEW","339","4E3987F00C2D8039BFDE8952DDE7361B3439F7F5330FE0F788ECA8AEA44A2E8C","False","2026-08-05T11:16:21.3831101Z"
"artifacts/stage8/stage8d_comparison/stage8b_validation_counts.npz","UNKNOWN_REQUIRES_REVIEW","909602","881DA72E89B5BEEB5CE1F2451B264E3EC37EE7F3E3C2500A0B197D9CD4B79189","False","2026-08-05T11:10:09.4172563Z"
"artifacts/stage8/stage8d_comparison/stage8c_validation_counts.npz","UNKNOWN_REQUIRES_REVIEW","907451","274560B155DFD8BE70CF9D531AFB0896A30C03080B297BCFACBD29DFDBB30BEF","False","2026-08-05T11:16:20.6610553Z"
"artifacts/stage8/stage8d_comparison/stage8d_local_summary.json","UNKNOWN_REQUIRES_REVIEW","7012","25B11E83DDF715915557E48C15541FF587B21E509884C964ECE82C31E2B0D1FB","False","2026-08-05T11:16:21.3831101Z"
"artifacts/stage8/stage8e_final_evaluation/stage8e_local_summary.json","UNKNOWN_REQUIRES_REVIEW","4102","C1AFC412E47466F0AC7D06F570E4731969DD86AFF4B632DFE3F184E742AF510F","False","2026-08-05T12:11:42.4300844Z"
"artifacts/stage8/stage8e_final_evaluation/stage8e_test_predictions.sqlite","KEEP_LOCAL_REQUIRED","1597440","3004FA8400D445E5905EBB6C4772DDACAD931B329F6A2BC25C6941457281FDE9","False","2026-08-05T12:11:41.1956052Z"
"artifacts/stage8/stage8e_final_evaluation/overlays/00004746_023.png","UNKNOWN_REQUIRES_REVIEW","43835","3F3543A80DF1B75E4EC7AF05C2619C6F214B70D342F39078C6E896F837865CBF","False","2026-08-05T12:11:42.3822064Z"
"artifacts/stage8/stage8e_final_evaluation/overlays/00008938_001.png","UNKNOWN_REQUIRES_REVIEW","55879","886AD4E50885DEBFFB78C36DD8F03983FDC76BD56E65EBF866976550BCA8BEB3","False","2026-08-05T12:11:42.3419380Z"
"artifacts/stage8/stage8e_final_evaluation/overlays/00011021_017.png","UNKNOWN_REQUIRES_REVIEW","55171","E1DC7C985DBB566D1EACE37397946A1C7F88DBFC0A591FC3414CE02015FE08D8","False","2026-08-05T12:11:42.0778118Z"
"artifacts/stage8/stage8e_final_evaluation/overlays/00018019_008.png","UNKNOWN_REQUIRES_REVIEW","46528","F2D6BADDFCDEB80A8D548128D872C85E4FA0A9F42D12E46372AB0FC217DC562A","False","2026-08-05T12:11:42.2641511Z"
"artifacts/stage8/stage8e_final_evaluation/overlays/00018175_012.png","UNKNOWN_REQUIRES_REVIEW","45053","04ED327BDB42F0D94D691891082783629FFA1C6B25EB616732513FE7706C0B99","False","2026-08-05T12:11:42.1510718Z"
"artifacts/stage8/stage8e_final_evaluation/overlays/00018574_002.png","UNKNOWN_REQUIRES_REVIEW","54012","EDAD81A1EC40D674BFC64FF716140BEF9C55B67F7346318D4C59C3DF968C23B5","False","2026-08-05T12:11:42.2284028Z"
"artifacts/stage8/stage8e_final_evaluation/overlays/00020037_012.png","UNKNOWN_REQUIRES_REVIEW","54073","378803E9A022523717F7A1879C2D492E69D8BBFA6749EC8DEC79717017AFAB8B","False","2026-08-05T12:11:42.0410135Z"
"artifacts/stage8/stage8e_final_evaluation/overlays/00027422_000.png","UNKNOWN_REQUIRES_REVIEW","52348","13E0C7FE4693ACDEB9F0B2FB3346B5D37BC2152E619D11FFA0172FFA0BCE5697","False","2026-08-05T12:11:42.1145255Z"
"artifacts/stage8/stage8e_final_evaluation/overlays/00027941_001.png","UNKNOWN_REQUIRES_REVIEW","47988","353BF504C05853EEF118793FDBEEFD9DD6676E355E73BBD12D1C715DFC241E21","False","2026-08-05T12:11:42.3023811Z"
"artifacts/stage8/stage8e_final_evaluation/overlays/00027995_000.png","UNKNOWN_REQUIRES_REVIEW","52653","C50681B6BE213E9B3C504C18A35F8FFB4C89561EA0A976A3FF857C45BCF10153","False","2026-08-05T12:11:42.1899197Z"
"artifacts/stage8/stage8e_final_evaluation/overlays/00028270_001.png","UNKNOWN_REQUIRES_REVIEW","47342","ED7D50FE13B93F9ADEE42B71FC1AF2708B92127700B59BDA5D27FD27F58FEE3B","False","2026-08-05T12:11:41.9980478Z"
"artifacts/stage8/stage8e_final_evaluation/overlays/00028499_011.png","UNKNOWN_REQUIRES_REVIEW","54847","9D20F31F2F69CDA3428484A449146BE4F4C23EE78802F38875EA37CDAA342B97","False","2026-08-05T12:11:42.4270802Z"
"artifacts/stage9/stage9a_shared_cohort/stage9a_shared_cohort.sqlite","KEEP_LOCAL_REQUIRED","26873856","838F220CDC7A1A21D37576549070A636B09687523C8ADE3D785B602898B3F6BC","False","2026-08-05T13:14:33.4112316Z"
"artifacts/stage9/stage9b_ablation/profiles/bounded_batch64_profile.json","UNKNOWN_REQUIRES_REVIEW","2721","7477AA2849771CDE8739F09F278EE8B42E85796EC4C1144ACCC7B04F3AEF4668","False","2026-08-05T16:59:55.5416059Z"
"artifacts/stage9/stage9b_ablation/profiles/bounded_loader_gpu_profile.json","UNKNOWN_REQUIRES_REVIEW","10104","EA350D689E22397F416A586E67456D7FCCA1BDC7E07A10AE4A440F003748594E","False","2026-08-05T16:51:43.1069698Z"
"artifacts/stage9/stage9b_ablation/profiles/bounded_loader_gpu_profile_long.json","UNKNOWN_REQUIRES_REVIEW","5191","A5527A832110E5B4AC2C5AE4BA1F4EA2F3AEDB373D570865907E2E7BA823C5B2","False","2026-08-05T16:57:29.4531016Z"
"cache/patch_stage4_line_length.py","UNKNOWN_REQUIRES_REVIEW","1944","B9B519D9FC2BAB02D6DC6967A96016AC38BEC652C8B8E837EDF4D9D1720072E2","False","2026-08-03T11:48:29.7504034Z"
"cache/run_stage4_2_validated.ps1","UNKNOWN_REQUIRES_REVIEW","1027","A8BCBFA825D241A87946718DDBDD1992FB4F788B98DA6B09D54E10318BCCCC18","False","2026-08-03T12:50:47.4289651Z"
"cache/run_stage4_3_validated.ps1","UNKNOWN_REQUIRES_REVIEW","1130","CE6CD2B267441098DB5ED31FED1F368C8EE9A111B8946847D5990F21C22A3208","False","2026-08-03T13:40:47.4078288Z"
"cache/run_stage4_4_validated.ps1","UNKNOWN_REQUIRES_REVIEW","806","98C0A04C60A22A210A797125FB92198A51E0F5557EAD42F35631A22A02C5D86A","False","2026-08-03T14:34:41.8468334Z"
"cache/stage 9.zip","UNKNOWN_REQUIRES_REVIEW","72351","BBF7AEB9AA2F5A6D0360E1C15BBF30983BA11B2B3AFB5FD873A9992CBCD876C5","False","2026-08-05T15:31:04.5679675Z"
"cache/stage2_resume.ps1","UNKNOWN_REQUIRES_REVIEW","10030","F120D3496C69D5CF057D37A413EA24F2CB9FE16ABF646F5E005C3DEE887F9C8F","False","2026-08-03T11:11:19.4997887Z"
"cache/stage3_dataset_audit.ps1","UNKNOWN_REQUIRES_REVIEW","45482","DDC2195649B591564B7A56D37A2CD4952DAD6FFC2B0F976964B057EDE2E00A75","False","2026-08-03T11:30:31.1269104Z"
"cache/stage4_1_dataset_adapters_identity_mapping.ps1","UNKNOWN_REQUIRES_REVIEW","56582","AF2DC186F0812E2E4E9A9AF2BEDD7C66C6332E25E1F070C2E8E592CC9B489D9F","False","2026-08-03T12:02:00.7178136Z"
"cache/stage4_2_concrete_adapters_safe_splits.ps1","UNKNOWN_REQUIRES_REVIEW","68966","17335845A722D9B20C104B04AB7463522A89E95048827E66202FD81D03D24056","False","2026-08-03T12:50:46.6308035Z"
"cache/stage4_3_resolve_containers_identity.ps1","UNKNOWN_REQUIRES_REVIEW","70731","205096D37482E89751FFAA5F4B7FB69747A2EA25E846D1175F3DCF6F6B87AABB","False","2026-08-03T13:40:48.2198664Z"
"cache/stage4_4_final_readiness_gate.py","UNKNOWN_REQUIRES_REVIEW","30680","5876796502BB23E5CF15BBAE6DAB65E9AA2B5F3D2C1E37FDF3E7197717E4DC58","False","2026-08-03T14:34:39.8879736Z"
"cache/stage4_dataset_structure_validation.ps1","UNKNOWN_REQUIRES_REVIEW","46886","BCFFB13A6918254FBE7FDD854D6A9E6B6B02A29356FCCA6A2CBAABECFEBE9FCE","False","2026-08-03T11:48:39.8402357Z"
"cache/stage5_final_repair_and_resume.py","UNKNOWN_REQUIRES_REVIEW","2540","1B2CF7FCB7E1F84473F97C16968104D89BF9CEF514135DC3ED12B1E420EDFF41","False","2026-08-03T16:45:40.7208486Z"
"cache/stage5_quality_view_bundle.zip","UNKNOWN_REQUIRES_REVIEW","14021","EB9DD8D43C7792A5162E9EA79B54F76BCEA567FAC79F8F8A300F272E0CE4B926","False","2026-08-03T16:30:32.6056376Z"
"cache/stage5_quality_view_pipeline.py","UNKNOWN_REQUIRES_REVIEW","8063","EEFB097C73FAA50439E62C1F9A763BC94F2403ABAF7EF440F39C5864D4B51E45","False","2026-08-03T16:30:17.5635098Z"
"cache/stage5_resume_after_path_fix.py","UNKNOWN_REQUIRES_REVIEW","25805","0432D262244B0301A034B2FD6B54D5FEFCF5C9E48BB56D61FFA6891BAA1731C8","False","2026-08-03T16:46:06.1617715Z"
"cache/stage6a_allow_existing_stage6_and_resume.py","UNKNOWN_REQUIRES_REVIEW","2345","26B14CE295BBF2346D10DE576E4415018F9B95D59F1AD59C5F1FCE6C140A0544","False","2026-08-04T05:42:21.1231928Z"
"cache/stage6a_nih_preflight.py","UNKNOWN_REQUIRES_REVIEW","33847","C4E3845A773E91A5E1E517DFDF87AE2F97378E06363102ABCCA63B9AB2B80840","False","2026-08-04T05:42:54.4951122Z"
"cache/stage6a_preflight_backup_20260804_084254.py","UNKNOWN_REQUIRES_REVIEW","33312","F120DF1C1D8B222F2D3C27B9BF7C2C085275C886700164E84C58980C941A01C3","False","2026-08-04T05:39:59.4367539Z"
"cache/stage6_build_train_commit.py","UNKNOWN_REQUIRES_REVIEW","35370","99EC05C77F836FE74359DC5FD7441915778A66079DA0DA723E3A3EA130C0B9F9","False","2026-08-04T06:06:32.8631893Z"
"cache/stage6_cleanup_final_repair.py","UNKNOWN_REQUIRES_REVIEW","8842","ACBDD97EF1F66E61554A7C01E52EFE01FACB15A1D6F9877ADE49A44AFD8678AE","False","2026-08-04T05:53:00.4297780Z"
"cache/stage6_cleanup_previous_attempt.py","UNKNOWN_REQUIRES_REVIEW","9374","CDF8CED2ADBB8D8631889CD66B19CB9A9BBF785E8B9C354AB040717E66B34FB0","False","2026-08-04T05:50:33.7620824Z"
"cache/stage6_finalize_after_worker_memory_error.py","UNKNOWN_REQUIRES_REVIEW","22504","D055968D0B184209DA8B1808BB9CAE341EC6BB5CB2F675767E48857E74FFA291","False","2026-08-04T11:14:56.8879803Z"
"cache/stage6_fix_full_finetune_oom_resume.py","UNKNOWN_REQUIRES_REVIEW","14864","117F58E2AA32E283565A1F5140BB284E1399D209AF44788837B5F7EB5FB3166F","False","2026-08-04T06:29:49.3711681Z"
"cache/stage7a_rad_dino_preflight.py","UNKNOWN_REQUIRES_REVIEW","24398","5EF4D30B09F78329A7A78273E429E4232F622D8E19574C43A98ADC22AFE50EBC","False","2026-08-04T12:44:10.0961170Z"
"cache/stage7b_build_extract_commit.py","UNKNOWN_REQUIRES_REVIEW","32370","374439E9027B18D46FE53FDB9F2E0989DDA2D975332DF65874236A7ACABE61E1","False","2026-08-04T13:40:59.3381028Z"
"cache/stage7b_fix_ruff_and_resume.py","UNKNOWN_REQUIRES_REVIEW","10231","819A2580DC6C0312D39C8FC6F061D3620B2700E82982AE0676558FD7CDA6F4B1","False","2026-08-04T13:47:49.1547955Z"
"cache/stage7c_build_train_commit.py","UNKNOWN_REQUIRES_REVIEW","35883","4668C22F9A0C9C94D2BFCC18A2801548EA036D0D850B990C1D5735AC63CD7D72","False","2026-08-04T16:06:16.7223557Z"
"cache/stage7d_build_compare_commit.py","UNKNOWN_REQUIRES_REVIEW","81911","0C59D64452538651C88501B2609BB9EB1CD68664E2A0AE3B222FFDD5CA85937C","False","2026-08-04T17:19:33.2165613Z"
"cache/stage7d_final_ast_completion.py","UNKNOWN_REQUIRES_REVIEW","16528","3917A13D27DF4E6EBB8D7B277982E3EFE7300B74F2F7B666EF27FE35A901E2C5","False","2026-08-04T20:02:26.2539724Z"
"cache/stage7d_final_reproducibility_audit_and_complete.py","UNKNOWN_REQUIRES_REVIEW","12923","4B2CF500A00F37CDE12007A2FA1E557FCEF98F782E4AF2132D4B2F58E446A053","False","2026-08-04T19:57:57.3944130Z"
"cache/stage7d_fix_metric_reproduction_and_resume.py","UNKNOWN_REQUIRES_REVIEW","13268","495432D3A2ED30AE02D19A38BFBAD82869DD61E142FEB0C2102AE511D37FF8EA","False","2026-08-04T18:09:06.2316928Z"
"cache/stage7d_terminal_metric_patch.py","UNKNOWN_REQUIRES_REVIEW","12831","C3A8DCA6166005B7C3C938249A1E6C073790F9FD454BAAA89C1C02626DBB8D2A","False","2026-08-04T18:16:50.8419804Z"
"cache/stage7e_build_audit_commit.py","UNKNOWN_REQUIRES_REVIEW","32697","2DBF07B62253BD6C390E0FFC9CEF6B6C3E2A59672803DC6B3E901A54975349FE","False","2026-08-04T20:15:29.4853442Z"
"cache/stage8a_crd_adapter_repair.py","UNKNOWN_REQUIRES_REVIEW","28693","4B96AB3FFBA3C05CD06C54DF7557A798930804E9F19381253ACFFCBEFE2358C0","False","2026-08-04T20:30:12.1573286Z"
"cache/stage8a_final_chexmask_adapter_build_commit.py","UNKNOWN_REQUIRES_REVIEW","41685","D6CEC8500028CC8B41E6698420AEF5153BF43B4FCB086668A3EF7E9F56E85CF5","False","2026-08-04T20:40:06.4685088Z"
"cache/stage8a_inspect_segmentation_layout.py","UNKNOWN_REQUIRES_REVIEW","20738","FD99C61DFC5ED43E618A0BCC9D465508079CC8B3F74C15A730135061ED74EA28","False","2026-08-04T20:25:31.6274208Z"
"cache/stage8a_segmentation_readiness_preflight.py","UNKNOWN_REQUIRES_REVIEW","38861","EB5062C769A532D0269B1B28675B155A915CAC4ED4BBF5F42B4A2A336FBEB8C8","False","2026-08-04T20:21:56.9879011Z"
"cache/stage8b_build_train_commit.py","UNKNOWN_REQUIRES_REVIEW","56018","04BC494114B0D0DD01AAD944C026942BCB337062F7EC0CD3323344B7F44D4075","False","2026-08-04T20:56:00.8287865Z"
"cache/stage8c_build_train_commit.py","UNKNOWN_REQUIRES_REVIEW","46577","6EDEC8884601FC63FF06513968EC4008B4E8BC8C868B39C0E10CBB7F84E239CF","False","2026-08-05T09:00:09.8610185Z"
"cache/stage8d_build_compare_commit.py","UNKNOWN_REQUIRES_REVIEW","58831","37190361FF05BA1ABE98CDC1094F21761108408C282882919DBB39CA89C39AE3","False","2026-08-05T10:57:27.4693196Z"
"cache/stage8e_build_evaluate_commit.py","UNKNOWN_REQUIRES_REVIEW","54679","43C919F5652D1F6016D4991A0D53AA3A664246D6559D6933D40FB0F4F68A7D4A","False","2026-08-05T11:59:40.4268835Z"
"cache/stage9a_build_shared_cohort_commit.py","UNKNOWN_REQUIRES_REVIEW","41087","D995ACC779CEE1FC7770151416BAB03012D290D05D3C44F9DBE63E81E88721FA","False","2026-08-05T13:13:54.0118079Z"
"cache/stage9b_build_train_commit.py","UNKNOWN_REQUIRES_REVIEW","59972","92F7CF3D76E0CB2BAD548E385B1EB72615E8DAB61E0DA407DFF98AF19A542536","False","2026-08-05T15:28:50.7456158Z"
"cache/stage9b_build_train_commit_100e.py","UNKNOWN_REQUIRES_REVIEW","60660","9F1C10CB70A63A2B24AA68EADC113AF2DD37521B84ECE63D58820C3F63110359","False","2026-08-05T14:00:35.1744877Z"
"cache/stage9b_build_train_commit_before_fix_20260805_171233.py","UNKNOWN_REQUIRES_REVIEW","59723","9977BA6A40FCD859F11D42D12CFFDBF30350AA08E888B116A6E2B940FFEE7D2E","False","2026-08-05T14:05:49.1151906Z"
"cache/stage9b_build_train_commit_fixed.py","UNKNOWN_REQUIRES_REVIEW","60828","88789B7008812BA0A64D4429C5091C32419A0E895208B00741CBA64BFB9EA8D3","False","2026-08-05T14:12:09.2648971Z"
"cache/pip/http-v2/0/4/1/8/c/0418c83b80f7f7bfaec2738bfbbee53d2c1562196c0781702f6eddc8","UNKNOWN_REQUIRES_REVIEW","1793","D642AD9B77FCD9EFFB92558D23F5DFD65096865697CFD8AD59CA8EFF2196E33C","False","2026-08-03T11:07:53.2870913Z"
"cache/pip/http-v2/0/4/1/8/c/0418c83b80f7f7bfaec2738bfbbee53d2c1562196c0781702f6eddc8.body","UNKNOWN_REQUIRES_REVIEW","190934","E6A63F087E56C92B1F031042C87D6A6710EA7895AF332D13670D10F9A8970EB2","False","2026-08-03T10:55:07.0205735Z"
"cache/pip/http-v2/0/4/6/5/1/04651185225d2f4f97326e1133d8157925fc8a7b89e811a1210f6558","UNKNOWN_REQUIRES_REVIEW","1227","DF7D32ADBA6995AE57A8F9D9AD56642FFBA96B5176B5A840D52FC105C98F47F1","False","2026-08-04T06:11:54.3830974Z"
"cache/pip/http-v2/0/4/6/5/1/04651185225d2f4f97326e1133d8157925fc8a7b89e811a1210f6558.body","UNKNOWN_REQUIRES_REVIEW","309071","5FC3C5039FC5CA8C0276333A188BBD59D6B7AB37FE6632DAA76BC7F9EC18E713","False","2026-08-04T06:11:54.3880066Z"
"cache/pip/http-v2/0/4/e/0/1/04e017851dbfe81db92d092eaaf2526622c3950bcb8f2696e57143da","UNKNOWN_REQUIRES_REVIEW","1893","368C4DEE5545BC284A12FBE0754C18010E1496134365B486AEBB32B2DB1C75C9","False","2026-08-03T11:07:29.1455256Z"
"cache/pip/http-v2/0/4/e/0/1/04e017851dbfe81db92d092eaaf2526622c3950bcb8f2696e57143da.body","UNKNOWN_REQUIRES_REVIEW","11103","32EF88DB99D277B7D457EA86F628BE0AE0F9613CDA91750B93CD767600828763","False","2026-08-03T11:07:29.1455256Z"
"cache/pip/http-v2/0/7/5/9/3/07593bb905dded4b84aacb1d96c1e64704669d6bab658dcaeab79c36","UNKNOWN_REQUIRES_REVIEW","1892","26AAF84CE41ECEFE6AA9E83453C1C375139187C0B55D645889161A17ED222355","False","2026-08-03T11:07:29.4011961Z"
"cache/pip/http-v2/0/7/5/9/3/07593bb905dded4b84aacb1d96c1e64704669d6bab658dcaeab79c36.body","UNKNOWN_REQUIRES_REVIEW","2440","168E585BBD9483EAA5C692928BDDAAE656E007181500F6B12FFAE5E4624D66E3","False","2026-08-03T11:07:29.4011961Z"
"cache/pip/http-v2/0/8/3/8/b/0838bcb9aae54153da31eee675f7a5a0f2f826bb0bc3f50627a10fec","UNKNOWN_REQUIRES_REVIEW","1269","4E37988F8BCB85B84BE9B7DC23FAF0D47D2F134A742D4B6532241FAC0D2E1625","False","2026-08-03T13:41:19.9014435Z"
"cache/pip/http-v2/0/8/3/8/b/0838bcb9aae54153da31eee675f7a5a0f2f826bb0bc3f50627a10fec.body","UNKNOWN_REQUIRES_REVIEW","3071","28E9000A32BBAAB84498F77D04DD7690AC061459E2FB17E01509D0020672E0BC","False","2026-08-03T13:41:19.9014435Z"
"cache/pip/http-v2/0/c/2/1/8/0c218d526767991766d9b365a4f3e4449ce3579fd8b0f96a707d5a52","UNKNOWN_REQUIRES_REVIEW","1897","AD9041B2D9F52475175F88856155CAD6DB862EA889AD648F9B4107CC5DC37FB5","False","2026-08-03T11:07:27.1668961Z"
"cache/pip/http-v2/0/c/2/1/8/0c218d526767991766d9b365a4f3e4449ce3579fd8b0f96a707d5a52.body","UNKNOWN_REQUIRES_REVIEW","46783","71BC8EA67B8AEBCA2301C7C40068400E91331F2924070A05CA54C3D9CA5A9762","False","2026-08-03T11:07:27.1668961Z"
"cache/pip/http-v2/0/c/b/f/f/0cbfff75291f05c16794a4e2c6c63bcb459c017712a63fb22148cd22","UNKNOWN_REQUIRES_REVIEW","1228","2CB5FF4408EE63CA50A0B43C805A5D4591A06043B68690DB6F36CA18A9160D82","False","2026-08-03T11:07:34.5739592Z"
"cache/pip/http-v2/0/c/b/f/f/0cbfff75291f05c16794a4e2c6c63bcb459c017712a63fb22148cd22.body","UNKNOWN_REQUIRES_REVIEW","7484","F631C04D2C48C52B84D0D0549C99FF3859C98DF65B3101406327ECC7D53FBF12","False","2026-08-03T11:07:34.5897678Z"
"cache/pip/http-v2/0/e/d/3/3/0ed336d749e009fe1267c844e36c442e5b3dc645d5eb9865c545b81a","UNKNOWN_REQUIRES_REVIEW","1229","2FB16DC91E2F8434449E909E28A4DC6CCEC64015FDEBE3D148EFE82D760868E0","False","2026-08-03T11:07:34.2334517Z"
"cache/pip/http-v2/0/e/d/3/3/0ed336d749e009fe1267c844e36c442e5b3dc645d5eb9865c545b81a.body","UNKNOWN_REQUIRES_REVIEW","20538","E920276DD6813095E9377C0BC5566D94C932C33B27A3E3945D8389C374DD4746","False","2026-08-03T11:07:34.2334517Z"
"cache/pip/http-v2/1/3/6/8/9/1368960a1a10ef17d05c65cdd1b4bb3313640b1bd9e6ccaf1879a185","UNKNOWN_REQUIRES_REVIEW","1206","57E5B7EC785DF8D42DC1F011D8D5B0A14D5339F2E95263BA99302E20D4E4605C","False","2026-08-04T06:11:54.1972377Z"
"cache/pip/http-v2/1/3/6/8/9/1368960a1a10ef17d05c65cdd1b4bb3313640b1bd9e6ccaf1879a185.body","UNKNOWN_REQUIRES_REVIEW","8211173","4306775FAD04CC4B472A1B15AF1AE9CEDE1540FBFCC17FBCE3767CD8DC7AE283","False","2026-08-04T06:11:54.2129284Z"
"cache/pip/http-v2/1/3/d/6/c/13d6c9b226a47b42b3e13d13ced85b25bb3ea4e70b2e24144ee06cc7","UNKNOWN_REQUIRES_REVIEW","1290","63BD5FBE767C05FD6D0BF30570C247E73238E61D5611153BC4D0150E9BAF3C8D","False","2026-08-04T06:11:51.1551101Z"
"cache/pip/http-v2/1/3/d/6/c/13d6c9b226a47b42b3e13d13ced85b25bb3ea4e70b2e24144ee06cc7.body","UNKNOWN_REQUIRES_REVIEW","5542","CEE9C60896AE4E7A965A840FBDE50D111D2F8018F61201D1ED2E9FC3DD4883E6","False","2026-08-04T06:11:51.1551101Z"
"cache/pip/http-v2/1/8/4/3/9/1843990886992e88d6f0c35768bd6fa5e0a4572b3de8e42a63f69a96","UNKNOWN_REQUIRES_REVIEW","1246","CB31D35D537690D7B3F08319DCB72F88356911BC9D493EE20C38BA51B27BDBAD","False","2026-08-03T11:07:31.1164368Z"
"cache/pip/http-v2/1/8/4/3/9/1843990886992e88d6f0c35768bd6fa5e0a4572b3de8e42a63f69a96.body","UNKNOWN_REQUIRES_REVIEW","386536","37A86B45EFB9A47A61A36449063E8E18D0CAB3161329FC099EB21783169C4F0C","False","2026-08-03T11:07:31.1164368Z"
"cache/pip/http-v2/1/9/b/5/c/19b5cc3f55b8dcf7820bf47e272571053e0d9b81d07b532fa123348e","UNKNOWN_REQUIRES_REVIEW","1243","B8F72CC15E17741A84D5E21ED16EA46C095D22E29056F7F89D72700604958F97","False","2026-08-03T11:07:30.7560981Z"
"cache/pip/http-v2/1/9/b/5/c/19b5cc3f55b8dcf7820bf47e272571053e0d9b81d07b532fa123348e.body","UNKNOWN_REQUIRES_REVIEW","8788","985961EDDA16B1BEA9AA2C34E5386C2144FCD036AAD16B1AD7AA4E6168F5AFC6","False","2026-08-03T11:07:30.7560981Z"
"cache/pip/http-v2/2/0/a/c/5/20ac5679228fa5a5b29bb571484ef3922d4a9c28e1ce92cd8264c167","UNKNOWN_REQUIRES_REVIEW","603","C1E931A65A1627ADAF275AE9CF1BAB69567377F1F6FA12EB1527255CFDB38C19","False","2026-08-03T11:04:50.0140021Z"
"cache/pip/http-v2/2/0/a/c/5/20ac5679228fa5a5b29bb571484ef3922d4a9c28e1ce92cd8264c167.body","UNKNOWN_REQUIRES_REVIEW","1256108","3E386E96793C8702AE83D17B853FB93D3E09EF82EC62722E61DA5CD22376DCD8","False","2026-08-03T11:04:50.0208421Z"
"cache/pip/http-v2/2/0/d/8/3/20d83649dc47d9c6fc96740e32babab82b266a2f996bebc27979763a","UNKNOWN_REQUIRES_REVIEW","1247","1FA4E55E2D46309CD942FC83AB1E612C4676FDF7EC227329030CB17320B1D075","False","2026-08-04T06:11:54.6165971Z"
"cache/pip/http-v2/2/0/d/8/3/20d83649dc47d9c6fc96740e32babab82b266a2f996bebc27979763a.body","UNKNOWN_REQUIRES_REVIEW","461030","42FDEDF44E5B2CA7505630D45B4AC3058F38D8485CBA9FE1652CA23152DF7489","False","2026-08-04T06:11:54.6165971Z"
"cache/pip/http-v2/2/2/8/c/1/228c1e2f088c210b9f5347518c0272cb3292b7a842b34b780b2b578e","UNKNOWN_REQUIRES_REVIEW","1300","8529EAFDB3CFF4AB3806C5ADDEADD0C29CDA200552C695E20B146E31FF1E6954","False","2026-08-03T10:55:30.4762642Z"
"cache/pip/http-v2/2/2/8/c/1/228c1e2f088c210b9f5347518c0272cb3292b7a842b34b780b2b578e.body","UNKNOWN_REQUIRES_REVIEW","22729","A263A40220D921D9CB963FC636D34F817AA2EB72C2696E3E3465D088CDB1976B","False","2026-08-03T10:55:30.4762642Z"
"cache/pip/http-v2/2/4/8/6/b/2486b281a2bd04b92454ca0e009388667f7f5b943d39e9eea8cfc386","UNKNOWN_REQUIRES_REVIEW","1288","C93926EC08993FFF0D847F76283A6D00CCC9076F66986374B0CB751D794E4756","False","2026-08-03T10:55:07.3823100Z"
"cache/pip/http-v2/2/4/8/6/b/2486b281a2bd04b92454ca0e009388667f7f5b943d39e9eea8cfc386.body","UNKNOWN_REQUIRES_REVIEW","2282","D6E8CBBFA21513ED46BE4027E61784B131B12C5CAFACBDE6913CE5AD01767643","False","2026-08-03T10:55:07.3823100Z"
"cache/pip/http-v2/2/7/0/9/a/2709adf43fedaff4b30f6a14b3220efefbe3f2575097ba86fc01fbbf","UNKNOWN_REQUIRES_REVIEW","601","01B18448330A94C598F91DCA2F84734C6227AEE5C1FC3D35E5ECE69B63E4A893","False","2026-08-03T11:04:52.6548657Z"
"cache/pip/http-v2/2/7/0/9/a/2709adf43fedaff4b30f6a14b3220efefbe3f2575097ba86fc01fbbf.body","UNKNOWN_REQUIRES_REVIEW","44614","F0FA19C6845758AB08074A0CFA8B7AECB71C999CA73D62883BC25CC018C4E548","False","2026-08-03T11:04:52.6548657Z"
"cache/pip/http-v2/2/7/8/b/2/278b2dac3a790c4e0e4b08caed4c20ae6c4bd6f1050f0610c7c272f3","UNKNOWN_REQUIRES_REVIEW","640","7A63542AF6FB052A6DEC42214DDC67BA59A125FF55B12B2729B9986F60F7A799","False","2026-08-03T10:55:59.2645658Z"
"cache/pip/http-v2/2/7/8/b/2/278b2dac3a790c4e0e4b08caed4c20ae6c4bd6f1050f0610c7c272f3.body","UNKNOWN_REQUIRES_REVIEW","42033","BD15A747F1E1F268A36174C205DE2CEABFAC9E12DBBF5987A8738C18BC65F45F","False","2026-08-03T10:55:59.2645658Z"
"cache/pip/http-v2/2/a/5/e/e/2a5ee8829b9737e982606b959f560390acb7a6941fb2438f5758d3ec","UNKNOWN_REQUIRES_REVIEW","1272","1752CFA642AE7CE047F40FE5F832F5FE6ABB65E36F184F3A15A4F9A86C419DFA","False","2026-08-03T11:07:29.5147124Z"
"cache/pip/http-v2/2/a/5/e/e/2a5ee8829b9737e982606b959f560390acb7a6941fb2438f5758d3ec.body","UNKNOWN_REQUIRES_REVIEW","2526","40D773F84E4E112F495BBF4F1BE9CBD2D456C0AEB6EF5311F75D1BF322F2165B","False","2026-08-03T11:07:29.5147124Z"
"cache/pip/http-v2/2/c/1/2/1/2c121e32ef14d569534ace5664d95a52bf2cfad1f1510a3657e02f2e","UNKNOWN_REQUIRES_REVIEW","1291","1B73EE016AD1C5187B69BB24793A2FC5924BD4C71502BBF5688732CB71107DA2","False","2026-08-03T13:41:20.2375921Z"
"cache/pip/http-v2/2/c/1/2/1/2c121e32ef14d569534ace5664d95a52bf2cfad1f1510a3657e02f2e.body","UNKNOWN_REQUIRES_REVIEW","3031","EC5C33AE4AB245A331DA32755EDF8D2812BBA1EB636C5D29F41F139D2FB90A17","False","2026-08-03T13:41:20.2532543Z"
"cache/pip/http-v2/2/e/f/9/e/2ef9e99d5bf36ec41239322f02e1792dc03e1bf6fa3e20cd8a9e9c42","UNKNOWN_REQUIRES_REVIEW","1303","BDEB6984AC23CE616EE568DE1681900903818118E1FDDACC2BB6DCF5BB0455CD","False","2026-08-03T10:55:59.9834572Z"
"cache/pip/http-v2/2/e/f/9/e/2ef9e99d5bf36ec41239322f02e1792dc03e1bf6fa3e20cd8a9e9c42.body","UNKNOWN_REQUIRES_REVIEW","6783","ACA5D94A97D1F70F301D033ADDB635F6E66BE8973A00ABA4127637EED2EF316A","False","2026-08-03T10:55:59.9901549Z"
"cache/pip/http-v2/3/1/1/3/3/31133b68598bb2f5547b5c7b642781d96452584a5047cee0433747da","UNKNOWN_REQUIRES_REVIEW","1293","466FD51BBEEC665AB4ECC4BADAF7FE6B4DCA32082CB0734F3287C5C10D8C0319","False","2026-08-03T10:55:07.1622310Z"
"cache/pip/http-v2/3/1/1/3/3/31133b68598bb2f5547b5c7b642781d96452584a5047cee0433747da.body","UNKNOWN_REQUIRES_REVIEW","6581","26E45E90DE763C6938D93D1DF2ECD6782A0F1514D41CBD22EBEF4E0AB6475771","False","2026-08-03T10:55:07.1622310Z"
"cache/pip/http-v2/3/3/9/7/4/33974f84394d9a943f68359da08431dab4af9f86c33962982ea21b5f","UNKNOWN_REQUIRES_REVIEW","1892","3D66919DFEFFB6C973692F3A0D51D020ED8BB110FD457B4B69B557525CC96971","False","2026-08-03T11:07:29.6585877Z"
"cache/pip/http-v2/3/3/9/7/4/33974f84394d9a943f68359da08431dab4af9f86c33962982ea21b5f.body","UNKNOWN_REQUIRES_REVIEW","6913","F0AE778C3971AA1C94FDE8FA673CC7D0B953194FB69639870246E63A2C197077","False","2026-08-03T11:07:29.6585877Z"
"cache/pip/http-v2/3/4/b/6/a/34b6a56a3f2bcf2d9d8857019c3c1c82a1bb047a54b8ef07c5e559a9","UNKNOWN_REQUIRES_REVIEW","1251","24A5F1DD447E07304C4B5BDD781535169E1944CF1B8E00418DBB758711E43DDC","False","2026-08-03T10:55:08.5925421Z"
"cache/pip/http-v2/3/4/b/6/a/34b6a56a3f2bcf2d9d8857019c3c1c82a1bb047a54b8ef07c5e559a9.body","UNKNOWN_REQUIRES_REVIEW","1008090","29B23C360F22F414DC7336BB39178CC7BCBF6021ED2733CDE173F09DBA19ABB3","False","2026-08-03T10:55:08.6054441Z"
"cache/pip/http-v2/3/8/d/8/7/38d8710c248828c11f460c56fe36c4b7bb453bd0a10fbc3467bfafde","UNKNOWN_REQUIRES_REVIEW","759","F501114CD20F90AF292BBEEAED3A2D34197008D789BD31E2FCF3CEFC927F1B0D","False","2026-08-03T10:55:56.4117349Z"
"cache/pip/http-v2/3/8/d/8/7/38d8710c248828c11f460c56fe36c4b7bb453bd0a10fbc3467bfafde.body","UNKNOWN_REQUIRES_REVIEW","31962","4AD71AE45AA42B90AF7E4A937B850DD412104184096F26D31654CBFECF76DA8C","False","2026-08-03T10:55:56.4117349Z"
"cache/pip/http-v2/3/d/2/3/a/3d23a5ad548471fdadffd54fe2363185ef4648db7c0bf11d16c83f16","UNKNOWN_REQUIRES_REVIEW","1268","4FB7033BAF10B5562AF2DAE11ADA3CCFACDF80BD2F9F592455643E619EC5C900","False","2026-08-03T11:04:52.6017993Z"
"cache/pip/http-v2/3/d/2/3/a/3d23a5ad548471fdadffd54fe2363185ef4648db7c0bf11d16c83f16.body","UNKNOWN_REQUIRES_REVIEW","536198","A0B2B9FE80BBCD81A6647FF13108738CFB482D481D826CC0E02F5B35E5C88D2C","False","2026-08-03T11:04:52.6017993Z"
"cache/pip/http-v2/4/0/d/d/1/40dd1ddd968875b37da527b5cf84946a953d23b4599ad6051d2f650b","UNKNOWN_REQUIRES_REVIEW","602","60E63B2DDBE53664415FFE4AB5EE9FBDFA770A5FE2A87EEADB48649438FEDC1E","False","2026-08-03T11:04:52.8344571Z"
"cache/pip/http-v2/4/0/d/d/1/40dd1ddd968875b37da527b5cf84946a953d23b4599ad6051d2f650b.body","UNKNOWN_REQUIRES_REVIEW","134899","85ECE4451F492D0C13C5DD7C13A64681A86AFAE63A5F347908DAF103CE6D2F67","False","2026-08-03T11:04:52.8344571Z"
"cache/pip/http-v2/4/3/6/8/4/436846b847c9c90a13539a872e2084e3f9ca23eb93b4b1cc44b55964","UNKNOWN_REQUIRES_REVIEW","1270","9C606C947364863345217785D3951A193C0A041F063A6B707584CAA08533840C","False","2026-08-03T10:55:07.5806763Z"
"cache/pip/http-v2/4/3/6/8/4/436846b847c9c90a13539a872e2084e3f9ca23eb93b4b1cc44b55964.body","UNKNOWN_REQUIRES_REVIEW","3543","4F9CBCD7933415A4793F7767C98A2B6A512C823FC81C87337815705F230ECABF","False","2026-08-03T10:55:07.5806763Z"
"cache/pip/http-v2/4/3/e/3/4/43e34bac451c9e5dffdfee052e544a3b6a5aae4269073f77ede21930","UNKNOWN_REQUIRES_REVIEW","1889","BBC5BF3CFA1F83ADB4F3907F3AE117F757BA0530C441E03FA03822F04E14A61B","False","2026-08-03T11:30:46.8308154Z"
"cache/pip/http-v2/4/3/e/3/4/43e34bac451c9e5dffdfee052e544a3b6a5aae4269073f77ede21930.body","UNKNOWN_REQUIRES_REVIEW","9910","3A22813961768874FC9996E10708FA65ECE7048865664FCD728383FE2CD89CE1","False","2026-08-03T11:30:46.8308154Z"
"cache/pip/http-v2/4/4/e/5/b/44e5b11a6caa92636d8ccfe658d420ba4ed8f67f7f4e835b214255aa","UNKNOWN_REQUIRES_REVIEW","1792","3A9B553F4C04BF42006DE3EF29DF4416CA5321BFDA40FD4EED764174F23A382B","False","2026-08-03T11:07:53.6057324Z"
"cache/pip/http-v2/4/4/e/5/b/44e5b11a6caa92636d8ccfe658d420ba4ed8f67f7f4e835b214255aa.body","UNKNOWN_REQUIRES_REVIEW","14624","B02C3D20E6799ED7940B9D14D4D631B42B7DDCA0122E1A08FB39B9BE8979348C","False","2026-08-03T10:55:07.4823191Z"
"cache/pip/http-v2/4/6/d/d/6/46dd6c7d38d9678c38989b4cd14dca9da87ef21be758c0f56968decd","UNKNOWN_REQUIRES_REVIEW","1897","B99CA8CF4B71567152AE02DD1D2FBC1EA6EC6FEA6FBF4E1608B8DE9D40C5D1FD","False","2026-08-04T06:11:49.6568309Z"
"cache/pip/http-v2/4/6/d/d/6/46dd6c7d38d9678c38989b4cd14dca9da87ef21be758c0f56968decd.body","UNKNOWN_REQUIRES_REVIEW","173305","23463CE401C3BED1570291FED7FE7E89EECA5429A2ACD759B6A6103B0A69AA40","False","2026-08-04T06:11:49.6568309Z"
"cache/pip/http-v2/4/d/2/7/2/4d272e6453941ce8b0a37a02cdb1685fc612c33441fa74691fb40656","UNKNOWN_REQUIRES_REVIEW","1792","C64CB7DE3987CAE7F381623A0503E1C0C81C189F6F198695BEFF57C67C5008C6","False","2026-08-03T11:07:53.4931973Z"
"cache/pip/http-v2/4/d/2/7/2/4d272e6453941ce8b0a37a02cdb1685fc612c33441fa74691fb40656.body","UNKNOWN_REQUIRES_REVIEW","20843","7C523ED05466E336EB4DD4402DCC4CADB44F4247575279EF93506B4CE69D9B39","False","2026-08-03T10:55:07.2795931Z"
"cache/pip/http-v2/4/e/0/7/8/4e0782e63da36839376f28fce41e071a9993f91e607823896442e437","UNKNOWN_REQUIRES_REVIEW","1248","F6B89B53DCDB90FF0CE5FD24A5D48F18BB80E15345E5F61F74E02BA28DD6CFFF","False","2026-08-04T06:11:50.2287418Z"
"cache/pip/http-v2/4/e/0/7/8/4e0782e63da36839376f28fce41e071a9993f91e607823896442e437.body","UNKNOWN_REQUIRES_REVIEW","11984","EE61A579F42D3EDABE3E483DB483475E33FFFEC04D7F3E69C539527BD93EACA6","False","2026-08-04T06:11:50.2444665Z"
"cache/pip/http-v2/4/e/e/3/1/4ee3138b60ee0c1b5c7c6d39d2830adba9f08a2f0a1a300dfb7d80b0","UNKNOWN_REQUIRES_REVIEW","1896","430FA068A78A83D146325961417AB110650BA4DF070995D314627853AE6E7B02","False","2026-08-03T10:55:29.9216984Z"
"cache/pip/http-v2/4/e/e/3/1/4ee3138b60ee0c1b5c7c6d39d2830adba9f08a2f0a1a300dfb7d80b0.body","UNKNOWN_REQUIRES_REVIEW","414213","0A19C4A6F3341D7303D8C5F42F111E965E796BA8440BC3B6809D9B54558CBFA5","False","2026-08-03T10:55:29.9216984Z"
"cache/pip/http-v2/4/f/3/c/b/4f3cb6246a54be3d38e8a7f399e3a5b8fe07df9386c55130116de806","UNKNOWN_REQUIRES_REVIEW","1202","40F23A0AA12917741F25EB743706E449840BE0A2A38573610A90FB6E48E8DC84","False","2026-08-03T13:41:27.4355945Z"
"cache/pip/http-v2/4/f/3/c/b/4f3cb6246a54be3d38e8a7f399e3a5b8fe07df9386c55130116de806.body","UNKNOWN_REQUIRES_REVIEW","27945954","3F356AFE61186395C861D5CD63DC21FF7D5FA335012A4668D979257DF7FEA0F5","False","2026-08-03T13:41:27.4964920Z"
"cache/pip/http-v2/5/1/e/6/2/51e621b7745da5531fe56524a5ad389673ef3d974ce15c65f01e5b47","UNKNOWN_REQUIRES_REVIEW","600","F6C480CC2C1B1208DB39FEA5E205BEA983DE2A6093620C101901FDB4E978BE58","False","2026-08-03T10:55:58.2926276Z"
"cache/pip/http-v2/5/1/e/6/2/51e621b7745da5531fe56524a5ad389673ef3d974ce15c65f01e5b47.body","UNKNOWN_REQUIRES_REVIEW","3259","C138378FE8F18934AC99DE060535C53EC6C13AEED65E94C32641DA7EE3192A72","False","2026-08-03T10:55:58.2995873Z"
"cache/pip/http-v2/5/2/7/6/f/5276f4394a742c354d79cd4356b2ab87127954f6e6242590e05384bb","UNKNOWN_REQUIRES_REVIEW","1198","0C533E3150B1DB4D2C79771B2630AE5F18248B8D633B5457B432BB03E742ABCC","False","2026-08-03T13:41:21.3364212Z"
"cache/pip/http-v2/5/2/7/6/f/5276f4394a742c354d79cd4356b2ab87127954f6e6242590e05384bb.body","UNKNOWN_REQUIRES_REVIEW","3182868","96B422019A1C8975C2D5DADCF61D4BA6F01C31F92BBDE6E4649607885FE502D6","False","2026-08-03T13:41:21.3522737Z"
"cache/pip/http-v2/5/8/4/0/8/58408b68ea30d88d5ba6c0baa1484354115960fa15b627e475beeeac","UNKNOWN_REQUIRES_REVIEW","1197","D5F20FCDB1053D1C18B9218EBB6651782FF6414F4B87D5E85C10B2D348B68966","False","2026-08-03T10:55:34.2353839Z"
"cache/pip/http-v2/5/8/4/0/8/58408b68ea30d88d5ba6c0baa1484354115960fa15b627e475beeeac.body","UNKNOWN_REQUIRES_REVIEW","12430966","F7D60026C0BDB1380E83BFA7A0419C4577EE4B9A08880AFCB6DADEB74C649FA2","False","2026-08-03T10:55:34.2513023Z"
"cache/pip/http-v2/5/a/6/a/5/5a6a5de1e57b4a74c0011521d632873c91c1fb1edabad59ae5530362","UNKNOWN_REQUIRES_REVIEW","1288","164AB9781C05BF5A1982BD4218DD88659A966848CBDF5FC7140A9A450070834E","False","2026-08-03T11:07:27.7730886Z"
"cache/pip/http-v2/5/a/6/a/5/5a6a5de1e57b4a74c0011521d632873c91c1fb1edabad59ae5530362.body","UNKNOWN_REQUIRES_REVIEW","7586","C5D032518012789CABC870D46589ACA3AEDA36CF9FA4399EE88BDA3D10438451","False","2026-08-03T11:07:27.7775696Z"
"cache/pip/http-v2/5/b/e/6/4/5be64dddf357efe8e015c621695508a39823691e4777c7d90558ec8b","UNKNOWN_REQUIRES_REVIEW","1894","089E4AC540F3C9C4C8FFCA63951F891100A1F391BA62802110318CEE4736E2C4","False","2026-08-03T11:07:28.6916047Z"
"cache/pip/http-v2/5/b/e/6/4/5be64dddf357efe8e015c621695508a39823691e4777c7d90558ec8b.body","UNKNOWN_REQUIRES_REVIEW","777347","C7843C4D9A186C81D98B5B0EFA858C8B9B2D106429B023DB8539B1942C23EA6A","False","2026-08-03T11:07:28.6916047Z"
"cache/pip/http-v2/6/0/f/2/0/60f20bd1fa3eeb1627a9206a740da2de6c1bff56335d5f909eae0642","UNKNOWN_REQUIRES_REVIEW","1270","F6CA3374FB8552A6C82C2BE768BA5D50412AEEFF7078765252E86C993760995D","False","2026-08-03T10:55:30.7669530Z"
"cache/pip/http-v2/6/0/f/2/0/60f20bd1fa3eeb1627a9206a740da2de6c1bff56335d5f909eae0642.body","UNKNOWN_REQUIRES_REVIEW","2410","847A701020334386852B6E07BAD1053CB0CE3DA9EE1846E7E9D02B24E8BB3F8D","False","2026-08-03T10:55:30.7704198Z"
"cache/pip/http-v2/6/2/2/2/b/6222bcad2e24bcd7eb159f4ced8e61456aa6052ed2ed51b08560ea03","UNKNOWN_REQUIRES_REVIEW","1243","7A6C1FD8591B281B7D6C4D6DD98A4AD28A99340A075F8A2C41D29656E48A65E4","False","2026-08-03T11:30:47.3585489Z"
"cache/pip/http-v2/6/2/2/2/b/6222bcad2e24bcd7eb159f4ced8e61456aa6052ed2ed51b08560ea03.body","UNKNOWN_REQUIRES_REVIEW","9445","6D2BC74C87AFE859F500893C679A2B18C13574D15834E647141BE29A6ADB67ED","False","2026-08-03T11:30:47.3585489Z"
"cache/pip/http-v2/6/4/a/9/4/64a944ec92157947ee13748386e22e37feb61739793e9d801eb21ff4","UNKNOWN_REQUIRES_REVIEW","644","02C1ACEA5142F792FA9FB23AE64FD527F7D8AA22DF1B8CD9888F859A0876F8C5","False","2026-08-03T10:55:56.6721373Z"
"cache/pip/http-v2/6/4/a/9/4/64a944ec92157947ee13748386e22e37feb61739793e9d801eb21ff4.body","UNKNOWN_REQUIRES_REVIEW","111442","054B6BC102EA6565CCE0C9B95A88487430EF859427D2B86661F9B2C34DBDD8C3","False","2026-08-03T10:55:56.6789941Z"
"cache/pip/http-v2/6/8/2/f/7/682f75900858856232ac6d69749acdc1fcb7511a1ecbdf20a701d574","UNKNOWN_REQUIRES_REVIEW","640","9A9C3A6B341676C8B91E25921025C1A768346B68363EE5FA5BF4B7E2888667D4","False","2026-08-03T10:56:02.2703086Z"
"cache/pip/http-v2/6/8/2/f/7/682f75900858856232ac6d69749acdc1fcb7511a1ecbdf20a701d574.body","UNKNOWN_REQUIRES_REVIEW","46127","CEA558B5263C5A3196AAE6883A431132FF08A5CB407712D0E96DFD007CD364A3","False","2026-08-03T10:56:02.2703086Z"
"cache/pip/http-v2/6/c/2/e/f/6c2ef01137d50405712309e049ebec1d497a13fa85661cd3df520e39","UNKNOWN_REQUIRES_REVIEW","600","4501BC1645A268F6D0075816D4E911433A1E14D1C5479FABB4A9D23E3960463B","False","2026-08-03T10:55:58.7809781Z"
"cache/pip/http-v2/6/c/2/e/f/6c2ef01137d50405712309e049ebec1d497a13fa85661cd3df520e39.body","UNKNOWN_REQUIRES_REVIEW","6599","4444A6B549A8EBB02E1739F4375AF7756C841F96F0C31077A183273C7462BD10","False","2026-08-03T10:55:58.7966436Z"
"cache/pip/http-v2/6/f/8/5/3/6f85318aff6bc08a703c4373e64cad2794f5ca3b63a775113e76c6f8","UNKNOWN_REQUIRES_REVIEW","1220","C1E2D049CEEBDA0709855AE12E2D11FC3BC4F98D1BDF0F9744827F61057068E8","False","2026-08-03T10:55:08.2911230Z"
"cache/pip/http-v2/6/f/8/5/3/6f85318aff6bc08a703c4373e64cad2794f5ca3b63a775113e76c6f8.body","UNKNOWN_REQUIRES_REVIEW","1816475","931C303696AF6FA3417112103B1CAD26890E5A07ECCB5B99783700E33F2B8AAD","False","2026-08-03T10:55:08.2972925Z"
"cache/pip/http-v2/7/2/f/1/f/72f1f771cda8a846ab711ce310ec804b67362c366d502832718add13","UNKNOWN_REQUIRES_REVIEW","1891","8FF0C24A3F964591FEC421D01C1F9097E41116028B89536A8DE1B266106B96DE","False","2026-08-03T13:41:19.3568903Z"
"cache/pip/http-v2/7/2/f/1/f/72f1f771cda8a846ab711ce310ec804b67362c366d502832718add13.body","UNKNOWN_REQUIRES_REVIEW","80727","82407429A21EF5C03AC5A76134A48667F4552E95D594626503A8C58AA964C0E9","False","2026-08-03T13:41:19.3603326Z"
"cache/pip/http-v2/7/4/b/d/f/74bdf372f3d845193f395b9ba4ed91510cd09dc32621fc25fe02568d","UNKNOWN_REQUIRES_REVIEW","1894","04E1F16E37685AA5D65960CA3B65DC3BB5BF87B7FD7B18D591CC4D55CC6CFC0F","False","2026-08-03T10:55:30.3195488Z"
"cache/pip/http-v2/7/4/b/d/f/74bdf372f3d845193f395b9ba4ed91510cd09dc32621fc25fe02568d.body","UNKNOWN_REQUIRES_REVIEW","161570","B50C7F5C533E11DEAE06D04021CEC74A96247E269473FF21B4E4F4AF9724493B","False","2026-08-03T10:55:30.3195488Z"
"cache/pip/http-v2/7/6/e/1/f/76e1f652a76c0e62feaf8e541b4ea32b2d0dfab426b94189eccf99db","UNKNOWN_REQUIRES_REVIEW","1197","1A4B827A100D2AAAA33F9FB813460C86AC3129C6A7B955A29008623636A83EF4","False","2026-08-03T11:07:34.0958700Z"
"cache/pip/http-v2/7/6/e/1/f/76e1f652a76c0e62feaf8e541b4ea32b2d0dfab426b94189eccf99db.body","UNKNOWN_REQUIRES_REVIEW","11961111","09B05E8B90C2CB06AD63464350E7A45E8E44A2DFE52072EBFBA6666CA8D3F596","False","2026-08-03T11:07:34.1254419Z"
"cache/pip/http-v2/7/7/4/6/9/77469a77c0c5007f8e0ef36b73b2bdb8cbe7d9c8be102fd7d4efaf35","UNKNOWN_REQUIRES_REVIEW","1230","E0D82117F75A45D3098FE879C5E941A52A5DEE3949630556A46183A2333D6BF6","False","2026-08-03T11:07:34.9602710Z"
"cache/pip/http-v2/7/7/4/6/9/77469a77c0c5007f8e0ef36b73b2bdb8cbe7d9c8be102fd7d4efaf35.body","UNKNOWN_REQUIRES_REVIEW","1231151","81A9E26DD42FD28A23A2D169D86D7AC03B46E2F8B59ED4698FB4785F946D0176","False","2026-08-03T11:07:34.9662818Z"
"cache/pip/http-v2/7/a/5/f/7/7a5f717e7b3fb99ec006f4d173aad55224eb063005c662c586ba0518","UNKNOWN_REQUIRES_REVIEW","1893","A00167A84D2B476EA4871380B4CF0CCE02B73EBFB824720E02A77073ACA6D8D6","False","2026-08-03T11:07:29.8802377Z"
"cache/pip/http-v2/7/a/5/f/7/7a5f717e7b3fb99ec006f4d173aad55224eb063005c662c586ba0518.body","UNKNOWN_REQUIRES_REVIEW","22550","BC0AA33A0805FEF4590A13FE1C451C2CEFCD5AEC61477F38B445301A8B82091E","False","2026-08-03T11:07:29.8802377Z"
"cache/pip/http-v2/8/1/b/6/9/81b69b06471ed35ce322cf4fa82b0085c48729dcc71c07f1eae04a0e","UNKNOWN_REQUIRES_REVIEW","640","32BE6BAAF4765ACDECB18AC4A171D432DB1491EEA1256355788F0BA9BF8A45A2","False","2026-08-03T10:56:01.0141709Z"
"cache/pip/http-v2/8/1/b/6/9/81b69b06471ed35ce322cf4fa82b0085c48729dcc71c07f1eae04a0e.body","UNKNOWN_REQUIRES_REVIEW","64847","5E93EA112A81CE49D7773766C6CBFC592A229E2991081980A0EE3BEF8073406A","False","2026-08-03T10:56:01.0218180Z"
"cache/pip/http-v2/8/1/c/8/4/81c84bddb52730ae8902cf01987f586bc246fc3873305939a89132a7","UNKNOWN_REQUIRES_REVIEW","600","C0B4CE828F5A34CA7BFCBCEA0D0DC46BD16D575F70EFC3A2C1C767C1C62B54CE","False","2026-08-03T10:56:00.5323941Z"
"cache/pip/http-v2/8/1/c/8/4/81c84bddb52730ae8902cf01987f586bc246fc3873305939a89132a7.body","UNKNOWN_REQUIRES_REVIEW","2871","68C5548FB67C4132A13898D9B31EC50C6BEA2ABDD915D921F214355C3A6499C8","False","2026-08-03T10:56:00.5359987Z"
"cache/pip/http-v2/8/7/6/9/c/8769cb8742a4ba72121dc9a452c9c6e800c0b9a09c9707ff8bd59d86","UNKNOWN_REQUIRES_REVIEW","1239","34F867C761C23210F481428D2BB215058989F29C699C96D59B5ED7DDB03BC268","False","2026-08-03T11:07:28.9699070Z"
"cache/pip/http-v2/8/7/6/9/c/8769cb8742a4ba72121dc9a452c9c6e800c0b9a09c9707ff8bd59d86.body","UNKNOWN_REQUIRES_REVIEW","26892","8C982AA019B81260180A7D65A95DBE9C473765F614CC4E5638E2C04E3EB1CE52","False","2026-08-03T11:07:28.9699070Z"
"cache/pip/http-v2/8/8/f/b/8/88fb82694f5b02a204733253c1c0f351eb8bbc38ed50f5185cc3ea3f","UNKNOWN_REQUIRES_REVIEW","1283","94E57E7FB85B9CA91AAA27DDCB4DB79E37F64DA05078A86B67D2A0031BE76D72","False","2026-08-03T10:55:06.7743625Z"
"cache/pip/http-v2/8/8/f/b/8/88fb82694f5b02a204733253c1c0f351eb8bbc38ed50f5185cc3ea3f.body","UNKNOWN_REQUIRES_REVIEW","4615","C0A71348AE15DF8D4520F843DC33B7E9EBC193FA8E341810F03E8927549A99F9","False","2026-08-03T10:55:06.7905093Z"
"cache/pip/http-v2/8/8/f/e/f/88fefe607c974c182ed7b0b3b2045547f93fed9af9d75d745b867a87","UNKNOWN_REQUIRES_REVIEW","1259","731693CA0040892BBC8DD6485C419D4A82D2D56D97916C46C04C9865F3D2B127","False","2026-08-03T11:04:50.9023555Z"
"cache/pip/http-v2/8/8/f/e/f/88fefe607c974c182ed7b0b3b2045547f93fed9af9d75d745b867a87.body","UNKNOWN_REQUIRES_REVIEW","2068504","D47FBF302E7D9CBBB9E2555A0D267983D2AA476BAC30E90DFBE5669BD57F3762","False","2026-08-03T11:04:50.9208725Z"
"cache/pip/http-v2/8/9/8/3/a/8983a52e80ad81cd1a34874884719dc7eefa9c0a3ce163e3cecf759e","UNKNOWN_REQUIRES_REVIEW","616","5425E95601A0EAF5DAC5E63EF7B0D1CF72E8DE08EB874EC98E6C7073647D651C","False","2026-08-03T11:04:52.8847846Z"
"cache/pip/http-v2/8/9/8/3/a/8983a52e80ad81cd1a34874884719dc7eefa9c0a3ce163e3cecf759e.body","UNKNOWN_REQUIRES_REVIEW","15105","26A5784DED40C9E318CFC2BDB30FE164BDB8665DED9CD64D500A34FB42067B1C","False","2026-08-03T11:04:52.8847846Z"
"cache/pip/http-v2/8/9/f/f/9/89ff97953eaa7669b45e641a03ceb00823806eb09070acc4538fda3a","UNKNOWN_REQUIRES_REVIEW","1226","21A75BA6819AC6821CD3248EB538FB6A02B42FD5B1ABCD84B8180D66945EE6EA","False","2026-08-03T11:04:50.3003839Z"
"cache/pip/http-v2/8/9/f/f/9/89ff97953eaa7669b45e641a03ceb00823806eb09070acc4538fda3a.body","UNKNOWN_REQUIRES_REVIEW","203402","11EF7BB35DAB8A394FDE6E608221D5CF3E8499401C249BEBAEAAD760A1A8DEC2","False","2026-08-03T11:04:50.3183025Z"
"cache/pip/http-v2/8/d/e/2/b/8de2bd1a551367eb9a496edb162df9510f808ff02112db63be0fc9f8","UNKNOWN_REQUIRES_REVIEW","1300","F1B9E5CDD31EC621620D9920169B5107DF18927788029DA16924979FA1D881AF","False","2026-08-03T10:55:30.1112228Z"
"cache/pip/http-v2/8/d/e/2/b/8de2bd1a551367eb9a496edb162df9510f808ff02112db63be0fc9f8.body","UNKNOWN_REQUIRES_REVIEW","9273","2C4378001803CFAC65809A50722D46E0DA4CE8061E717F103E5D52734BAB30F5","False","2026-08-03T10:55:30.1112228Z"
"cache/pip/http-v2/9/0/b/e/f/90befe1961344473fe1c8272b7c496e26663e2a140fea197487a70a3","UNKNOWN_REQUIRES_REVIEW","1250","54BFCC46100652479C1E5B76F72A70A815245A43123F3AE5A657E56E02323066","False","2026-08-03T11:07:29.2862806Z"
"cache/pip/http-v2/9/0/b/e/f/90befe1961344473fe1c8272b7c496e26663e2a140fea197487a70a3.body","UNKNOWN_REQUIRES_REVIEW","17158","7BAED29EB50C3B29BDB33FF84E3177BF1BC05784F7685ECDCAA4471C7DD810CC","False","2026-08-03T11:07:29.2862806Z"
"cache/pip/http-v2/9/4/4/5/a/9445abe189168f8bffeea19126ba987a5c6db4301437950c010594a4","UNKNOWN_REQUIRES_REVIEW","600","DE7243078B0D7237C9336F106E33CCCE7515E0C556D016829149F4CE48D138F5","False","2026-08-03T10:56:02.3141681Z"
"cache/pip/http-v2/9/4/4/5/a/9445abe189168f8bffeea19126ba987a5c6db4301437950c010594a4.body","UNKNOWN_REQUIRES_REVIEW","2764","F0AE5DBB09D50FB5F7632C3D53F0220995EF76019E5892E0A545740136A4E3CB","False","2026-08-03T10:56:02.3141681Z"
"cache/pip/http-v2/9/8/b/4/f/98b4f4b4706a635386a81a992127e919f71ffc6691a31929591e704a","UNKNOWN_REQUIRES_REVIEW","639","543EEC38941D6115200AD2032B34F649EDAA6F9AACA9C5B1F0900AA55D7F49D0","False","2026-08-03T10:55:58.7409137Z"
"cache/pip/http-v2/9/8/b/4/f/98b4f4b4706a635386a81a992127e919f71ffc6691a31929591e704a.body","UNKNOWN_REQUIRES_REVIEW","1169","9A927C955414C6B94B899400837EFA891D8F44BF286DDA459EFD94EAF2DF04E4","False","2026-08-03T10:55:58.7487487Z"
"cache/pip/http-v2/9/b/e/e/1/9bee102b37b1a5db682139cc3b84e0fd409187c1564a9b63ac239182","UNKNOWN_REQUIRES_REVIEW","1293","E3B79AC7EC757872759FCE7D30A8D860CECDFE98A02C2E2FE10100229A23AA19","False","2026-08-03T11:07:28.1162973Z"
"cache/pip/http-v2/9/b/e/e/1/9bee102b37b1a5db682139cc3b84e0fd409187c1564a9b63ac239182.body","UNKNOWN_REQUIRES_REVIEW","32766","D670E42439EA5A87C46D5659CFCBF64E29AAF7DA3ACA69DC03EECDAFE7E4894C","False","2026-08-03T11:07:28.1162973Z"
"cache/pip/http-v2/9/c/d/f/5/9cdf562765b4bb2ebb76d40f5fd1d20b888c9cd7d6284d1b15c0727b","UNKNOWN_REQUIRES_REVIEW","1200","F6F7BCFC038FD4526D0534FFC4029355AAE2A50BECBE509835F320475AC6A914","False","2026-08-03T11:04:52.7709170Z"
"cache/pip/http-v2/9/c/d/f/5/9cdf562765b4bb2ebb76d40f5fd1d20b888c9cd7d6284d1b15c0727b.body","UNKNOWN_REQUIRES_REVIEW","39812","96F5F6344709AA1572BBF631C640E4EBEEB519E08DA902C39A001882F30AC258","False","2026-08-03T11:04:52.7752881Z"
"cache/pip/http-v2/9/d/f/1/e/9df1ee6c2e327fe1c6b83e310229ce0dc078eddefce5100826a82a16","UNKNOWN_REQUIRES_REVIEW","1892","2A5354F6B5982F2C7A884F6BF65BFC0DDA45A143DE216CC05413B604CD02B638","False","2026-08-03T13:41:20.1136528Z"
"cache/pip/http-v2/9/d/f/1/e/9df1ee6c2e327fe1c6b83e310229ce0dc078eddefce5100826a82a16.body","UNKNOWN_REQUIRES_REVIEW","174147","678D82A275E23136D83D2EC90A588507820CD52330C623EE756A994898A67E78","False","2026-08-03T13:41:20.1136528Z"
"cache/pip/http-v2/a/0/4/3/9/a04398497d7f37308ebaf919132ed158b360ebf11173ad726d95d0ba","UNKNOWN_REQUIRES_REVIEW","1197","F59E4ADA28B3CAC82028D12337BEA87489CBBDE206756F277325248E820AAF4C","False","2026-08-03T10:55:36.5436195Z"
"cache/pip/http-v2/a/0/4/3/9/a04398497d7f37308ebaf919132ed158b360ebf11173ad726d95d0ba.body","UNKNOWN_REQUIRES_REVIEW","7227137","A2B55DD6B2A4C4B7D87FFA56BDB33FDC5FDB9A462173861A7BC097F17D91CB09","False","2026-08-03T10:55:36.5592736Z"
"cache/pip/http-v2/a/1/3/6/4/a136401fda018c0703593a094abeb758b11080405351c17181364b1b","UNKNOWN_REQUIRES_REVIEW","1243","48F748771E29CE9CFEF0AE23DA325806B581EB91F117567B7AE8D28FFAE66820","False","2026-08-03T10:55:57.8021762Z"
"cache/pip/http-v2/a/1/3/6/4/a136401fda018c0703593a094abeb758b11080405351c17181364b1b.body","UNKNOWN_REQUIRES_REVIEW","1977","21335D1940CA00830E17594E81E9ED7B393211B1E03EDA3C411A3507BF59F4B7","False","2026-08-03T10:55:57.8077896Z"
"cache/pip/http-v2/a/1/9/5/3/a19537d3cf37c122db841d6fe4cd322bc10d1a558bb00d146b85cb9a","UNKNOWN_REQUIRES_REVIEW","1794","9A6F5702228F064E4E5F6EAE3AD050A6E8F9F149B860EC9A9B09D44F05F9BC80","False","2026-08-03T10:55:27.5583906Z"
"cache/pip/http-v2/a/1/9/5/3/a19537d3cf37c122db841d6fe4cd322bc10d1a558bb00d146b85cb9a.body","UNKNOWN_REQUIRES_REVIEW","38036","623D21A95603FD7D815F031BA6A8D85E0E4F50D7E84D9F503ADDDB71220AE74F","False","2026-08-03T10:55:06.4742400Z"
"cache/pip/http-v2/a/6/3/5/0/a63506eb8561fec4a2db2b6c6e2a011888dfbb7f370cddcf44ab75a1","UNKNOWN_REQUIRES_REVIEW","1272","7CA1194858B760F74E1E29968984AD3A424E7658E5D7CE77B8E6942A159D350E","False","2026-08-03T10:56:01.1322074Z"
"cache/pip/http-v2/a/6/3/5/0/a63506eb8561fec4a2db2b6c6e2a011888dfbb7f370cddcf44ab75a1.body","UNKNOWN_REQUIRES_REVIEW","10524","8F49C4404B507182AC953DFD4551641DF0BF36CCF67E08AC8A68CCE323BF1D4C","False","2026-08-03T10:56:01.1322074Z"
"cache/pip/http-v2/a/6/8/5/f/a685f84c55834509e6060cf7d5027c434c72ca08414348ee1a16d780","UNKNOWN_REQUIRES_REVIEW","639","EE2C776E8F4698F7C9B61F208905EEFA93508733F77E798F2F88D67A0DC6DC48","False","2026-08-03T10:56:00.4864093Z"
"cache/pip/http-v2/a/6/8/5/f/a685f84c55834509e6060cf7d5027c434c72ca08414348ee1a16d780.body","UNKNOWN_REQUIRES_REVIEW","1217","470A64FD0D5E560CC93849939B27DE912E8E6477345C07C4A320954807DA734C","False","2026-08-03T10:56:00.4864093Z"
"cache/pip/http-v2/a/7/0/9/4/a7094ed5a4cc16f47a5321a9f38285921c17bacfd72d0b4f42bc4cf5","UNKNOWN_REQUIRES_REVIEW","1227","48E7EB22A2697F6F324D345F5E06D662F3A83FCCF281FD7EF3B97F160DEEA0F4","False","2026-08-03T11:04:52.3770155Z"
"cache/pip/http-v2/a/7/0/9/4/a7094ed5a4cc16f47a5321a9f38285921c17bacfd72d0b4f42bc4cf5.body","UNKNOWN_REQUIRES_REVIEW","6299353","E091CC3E99D2141A0BA2847328F5479B05D94A6635CB96148CCB3F34671BD8F5","False","2026-08-03T11:04:52.3930894Z"
"cache/pip/http-v2/a/b/0/2/3/ab023e943f35c5947e54811f1957e45dd2f10be41e1719e6c110da7e","UNKNOWN_REQUIRES_REVIEW","640","E6E6EDBDE419BC12AFC309CFF192D5AA3770F69D8CB58D1DE89E3986B4D86399","False","2026-08-03T10:55:59.8739902Z"
"cache/pip/http-v2/a/b/0/2/3/ab023e943f35c5947e54811f1957e45dd2f10be41e1719e6c110da7e.body","UNKNOWN_REQUIRES_REVIEW","76687","434ED1DFA82106F7535FD255F704BD38908CF00413A624276BAAF626179A62CE","False","2026-08-03T10:55:59.8790430Z"
"cache/pip/http-v2/b/0/6/c/4/b06c4d0af235daf25f1a033cd7a5efb8c465e516ce6627ec9ead66bb","UNKNOWN_REQUIRES_REVIEW","1275","C256C7B1291DE619D61C6DE19201FA2749173FEE026F6023DC897BE9A186AA24","False","2026-08-04T06:11:51.7031951Z"
"cache/pip/http-v2/b/0/6/c/4/b06c4d0af235daf25f1a033cd7a5efb8c465e516ce6627ec9ead66bb.body","UNKNOWN_REQUIRES_REVIEW","13843","A45DF8D07EA1883D772183A501D7D526076AA70DFCFDDB276A2CBDC04DEF5341","False","2026-08-04T06:11:51.7031951Z"
"cache/pip/http-v2/b/8/6/2/6/b862637a242a4033f1ba3be874e038f3a95ab29277da4c878f7c162d","UNKNOWN_REQUIRES_REVIEW","1893","6C5617AE57BCC78631CF845A603660A3D66798E4F6CCB5AF6B046CFE48EB74EB","False","2026-08-03T10:55:30.6557854Z"
"cache/pip/http-v2/b/8/6/2/6/b862637a242a4033f1ba3be874e038f3a95ab29277da4c878f7c162d.body","UNKNOWN_REQUIRES_REVIEW","64599","0807E5FBF07A0B0338A81397BFFD21FDCE74B4B83881B97BD701D583882F2D0E","False","2026-08-03T10:55:30.6557854Z"
"cache/pip/http-v2/b/8/d/3/b/b8d3be6e547361e5710b25307da2acea4600ea5ca3a598aa67310379","UNKNOWN_REQUIRES_REVIEW","1893","7CF164A1DC2B52C7C36BB3F3EE9D65BBAF37D809461CC9B73B12599AACD8F61F","False","2026-08-03T11:07:27.9262455Z"
"cache/pip/http-v2/b/8/d/3/b/b8d3be6e547361e5710b25307da2acea4600ea5ca3a598aa67310379.body","UNKNOWN_REQUIRES_REVIEW","11717","DD3FDA347C0D4EF101FE0BB9128E4983238587BD909196060259BF6951267D46","False","2026-08-03T11:07:27.9262455Z"
"cache/pip/http-v2/b/b/c/6/4/bbc64d6307f640061409bf1aa7afb1bb65aafca71ba1744281370128","UNKNOWN_REQUIRES_REVIEW","640","3ADBEC46AD43A41A18303750B30CAA56D9A6960FEB21DDA8549EE1151A95E498","False","2026-08-03T10:56:01.6798469Z"
"cache/pip/http-v2/b/b/c/6/4/bbc64d6307f640061409bf1aa7afb1bb65aafca71ba1744281370128.body","UNKNOWN_REQUIRES_REVIEW","24021","BDB3BD7B8417F5A89BCF55261F236B45D9737D334A5A65682D1C6C3956A359C5","False","2026-08-03T10:56:01.6798469Z"
"cache/pip/http-v2/c/3/d/e/7/c3de7ea778525c2d8a77c6ef03fc1c16ffb2856e50a271a85a3c6e3a","UNKNOWN_REQUIRES_REVIEW","1238","027907C36A4F511AB0FD8E1A97396BE9101878505C4F0D8E42A3594286F17A96","False","2026-08-03T10:55:29.7290905Z"
"cache/pip/http-v2/c/3/d/e/7/c3de7ea778525c2d8a77c6ef03fc1c16ffb2856e50a271a85a3c6e3a.body","UNKNOWN_REQUIRES_REVIEW","6584","6AE45122EE97050E48849438320430D05F01814F72E66E69CBEED027D2C6A1E8","False","2026-08-03T10:55:29.7290905Z"
"cache/pip/http-v2/c/3/e/8/8/c3e88656ec9b47dda7b25b9c77869d1b29bbfbb6c0ed664eeae43a15","UNKNOWN_REQUIRES_REVIEW","1241","8AA046EC4F55D0F0C1B509CB4125CE7FBF50A7A3B2A1EE4EA00A328A5C4BC0A7","False","2026-08-03T10:56:01.7940677Z"
"cache/pip/http-v2/c/3/e/8/8/c3e88656ec9b47dda7b25b9c77869d1b29bbfbb6c0ed664eeae43a15.body","UNKNOWN_REQUIRES_REVIEW","8630","44B66EA444B9C0D19AE94815D356BF047AE6B680C19268B5C265687CD6A81406","False","2026-08-03T10:56:01.7940677Z"
"cache/pip/http-v2/c/7/7/3/7/c77372d2a49f8aebda43d28e58f49788ea6d9069ac70df0a83968471","UNKNOWN_REQUIRES_REVIEW","1196","CF40DDC863FC514AB3CAB65D00705D5DEB5A90A570C7931109DAA3C142AE0C90","False","2026-08-03T10:55:36.8461251Z"
"cache/pip/http-v2/c/7/7/3/7/c77372d2a49f8aebda43d28e58f49788ea6d9069ac70df0a83968471.body","UNKNOWN_REQUIRES_REVIEW","154003","5FCD34E47F6E0B794D17DE1B4FF496C00986E1C83F7AB2FB8FCFE9616FF7477B","False","2026-08-03T10:55:36.8461251Z"
"cache/pip/http-v2/c/8/7/6/6/c8766a1091be4e5df558fcba4d1e24875edc531014fc83d84320c0ec","UNKNOWN_REQUIRES_REVIEW","1202","0A0D2CE57C3E3371EEEA0B51EF7A00B7448DE9CDB23219362BDA3DA76EFA6B3E","False","2026-08-04T06:12:05.0731720Z"
"cache/pip/http-v2/c/8/7/6/6/c8766a1091be4e5df558fcba4d1e24875edc531014fc83d84320c0ec.body","UNKNOWN_REQUIRES_REVIEW","36597428","71CCC8FAA2DD16AC310233203474A8B5CB67F10DEDD54A3116D34943F4B19132","False","2026-08-04T06:12:05.1487600Z"
"cache/pip/http-v2/c/8/e/9/c/c8e9c9575b76dc7560f19a6f67bb475254f4f4259cf71e96521b67d9","UNKNOWN_REQUIRES_REVIEW","1894","02821302F2C8CBE95CF69F687E690829A831D128A2AF3B547814DB1E3BB4DFC9","False","2026-08-03T11:07:30.3572479Z"
"cache/pip/http-v2/c/8/e/9/c/c8e9c9575b76dc7560f19a6f67bb475254f4f4259cf71e96521b67d9.body","UNKNOWN_REQUIRES_REVIEW","903305","7D0007380CCEC5200BB3014AC766FC00A101783EF369B64235DDF66A39798642","False","2026-08-03T11:07:30.4672276Z"
"cache/pip/http-v2/c/c/1/3/3/cc133da5701a066bc3777b2575e0daa601596f19871db4608ca98b97","UNKNOWN_REQUIRES_REVIEW","1893","1F95CDF80E3A800B0DD20BE7717FD1FE4AE6709F251BB5930C3E91F01A0B76A0","False","2026-08-03T10:55:29.1409906Z"
"cache/pip/http-v2/c/c/1/3/3/cc133da5701a066bc3777b2575e0daa601596f19871db4608ca98b97.body","UNKNOWN_REQUIRES_REVIEW","454877","F3AB62B9D75BC663F2F7A0D852784833BC3CF76DB6F9D59530C0E2F7E21CA3C6","False","2026-08-03T10:55:29.1409906Z"
"cache/pip/http-v2/c/d/5/d/e/cd5de44b899cbe1869765c21b55cffc53c0c0ffa9d3c6f1fd40a42a2","UNKNOWN_REQUIRES_REVIEW","1897","D1A0F71E5E7E72F78B7C584CC08A9BD56A923BEF1E99BE060A2BDF1088279A17","False","2026-08-04T06:11:50.4845704Z"
"cache/pip/http-v2/c/d/5/d/e/cd5de44b899cbe1869765c21b55cffc53c0c0ffa9d3c6f1fd40a42a2.body","UNKNOWN_REQUIRES_REVIEW","277693","B67D255DF2508F3110B11EE7269A7F3ED41221A5851A5EB38A893DDEC399DAA6","False","2026-08-04T06:11:50.5005313Z"
"cache/pip/http-v2/c/d/e/c/3/cdec3d0140a615c153130a37691576ea1707e32a1ab5e60ae5a540f4","UNKNOWN_REQUIRES_REVIEW","1230","D8FAE8DE8F78E7CDCB644C59B0CF7DB67249BBAF0E20DE38C3B5F5FCCA346A40","False","2026-08-03T10:55:08.8023389Z"
"cache/pip/http-v2/c/d/e/c/3/cdec3d0140a615c153130a37691576ea1707e32a1ab5e60ae5a540f4.body","UNKNOWN_REQUIRES_REVIEW","100195","5FC45236B9446107FF2415CE77C807CEE2862CB6FAC22B8A73826D0693B0980E","False","2026-08-03T10:55:08.8023389Z"
"cache/pip/http-v2/c/f/0/6/d/cf06de1e2f69cd4de8ffff30e8a1cd02146f3c1c0ca65b57bc144242","UNKNOWN_REQUIRES_REVIEW","1269","2D2E76C7487CA7AD20C52B5FE9CC7B3A379D4C7E55EF82B3996B760AE61D52EF","False","2026-08-03T10:55:59.3902079Z"
"cache/pip/http-v2/c/f/0/6/d/cf06de1e2f69cd4de8ffff30e8a1cd02146f3c1c0ca65b57bc144242.body","UNKNOWN_REQUIRES_REVIEW","12816","B756C2FBFD5BE05AC5BDB0EBCA61F55618F30F633ED92D88A5687429313A7595","False","2026-08-03T10:55:59.3902079Z"
"cache/pip/http-v2/c/f/a/8/3/cfa83d8e2ded13f4adf1fcd9e7f7c3ef45ebc56f6f741dc2a12d0b2e","UNKNOWN_REQUIRES_REVIEW","1243","9FF4D557A987FB15E674A610A1BB74E5FD8D38D8DA341D447329B8351F85922C","False","2026-08-03T10:55:08.6926029Z"
"cache/pip/http-v2/c/f/a/8/3/cfa83d8e2ded13f4adf1fcd9e7f7c3ef45ebc56f6f741dc2a12d0b2e.body","UNKNOWN_REQUIRES_REVIEW","32218","212281CAB4DFF978F6CEDD499CD893E1F620791CA6FF7107CF270781E587ECED","False","2026-08-03T10:55:08.7038696Z"
"cache/pip/http-v2/d/2/c/4/b/d2c4b2b07925b23b24c2df1f4d305788e1dfbc96ef47bf4aa54692f3","UNKNOWN_REQUIRES_REVIEW","1893","354FD516D705A2AD284BF0E36D22780F04F03C47EED465A576DF552AE7F25A13","False","2026-08-04T06:11:51.3417320Z"
"cache/pip/http-v2/d/2/c/4/b/d2c4b2b07925b23b24c2df1f4d305788e1dfbc96ef47bf4aa54692f3.body","UNKNOWN_REQUIRES_REVIEW","64846","00A0A2E0606B733D4989C5423E80ADAE35589338F681F9784C3B4F06EA95FFDC","False","2026-08-04T06:11:51.3490477Z"
"cache/pip/http-v2/d/5/4/b/b/d54bb21df9a8549867c7c0c30dcdda927be8994b07f4c933db9a04ab","UNKNOWN_REQUIRES_REVIEW","1271","34ACA80BD11CDDA2B4D43805435DE2ACB3F4E5526108B072F47901D6C613ACBA","False","2026-08-03T11:07:29.9906200Z"
"cache/pip/http-v2/d/5/4/b/b/d54bb21df9a8549867c7c0c30dcdda927be8994b07f4c933db9a04ab.body","UNKNOWN_REQUIRES_REVIEW","2476","E0528F51B30427FAE94723662BA622F8D8DB2A4D8D3F1365698D67A52450A845","False","2026-08-03T11:07:29.9947141Z"
"cache/pip/http-v2/d/f/0/b/6/df0b6bc126aae474f4f022058643b509b9ee1caa5f1bf3e4e4a4bd7c","UNKNOWN_REQUIRES_REVIEW","1202","09293F1533ED948920D99D93AE68DDF70E0F3F95DF1212231940384CB6D281D3","False","2026-08-04T06:12:05.2435107Z"
"cache/pip/http-v2/d/f/0/b/6/df0b6bc126aae474f4f022058643b509b9ee1caa5f1bf3e4e4a4bd7c.body","UNKNOWN_REQUIRES_REVIEW","18638","43A0B8FD5A2928500110039E43A5EED8480B918967083EA48DC3AB9F13C4A7FB","False","2026-08-04T06:12:05.2435107Z"
"cache/pip/http-v2/e/1/7/f/b/e17fbb43e51603036658fe03e225cfe5f672c0647477363082e598d4","UNKNOWN_REQUIRES_REVIEW","1278","AAB925589B0F5E0BE50AE921BC922D5006C256C3352F68C9CD749E33F3825F8C","False","2026-08-03T11:07:34.3329710Z"
"cache/pip/http-v2/e/1/7/f/b/e17fbb43e51603036658fe03e225cfe5f672c0647477363082e598d4.body","UNKNOWN_REQUIRES_REVIEW","25335","4F1D9991F5ACC0CA119F9D443620B77F9D6B33703E51011C16BAF57AFB285FC6","False","2026-08-03T11:07:34.3374366Z"
"cache/pip/http-v2/e/1/e/6/1/e1e61fa0d437313d4280f928843dca2a8105435d357c991ea6ecf993","UNKNOWN_REQUIRES_REVIEW","643","8A4DCBB72EDC802910521E05EC13CDA7324B2A560BC4AED64304F37E945ED33A","False","2026-08-03T10:55:55.6128176Z"
"cache/pip/http-v2/e/1/e/6/1/e1e61fa0d437313d4280f928843dca2a8105435d357c991ea6ecf993.body","UNKNOWN_REQUIRES_REVIEW","94886","F401B6D9B5504076DFBB2FBD0B19E1ED8BC875AC13A9DB8A7EBAC4EFB9551482","False","2026-08-03T10:55:55.6128176Z"
"cache/pip/http-v2/e/4/5/1/e/e451e3d9f947df0a1f9239713f36b95f7be8d366bacac154aa4a879b","UNKNOWN_REQUIRES_REVIEW","1892","B7ED18060AF9A8245A8C2E9EC4E42A3F6E9D9897568C97F1377F8BA0945BBF9C","False","2026-08-04T06:11:51.5952747Z"
"cache/pip/http-v2/e/4/5/1/e/e451e3d9f947df0a1f9239713f36b95f7be8d366bacac154aa4a879b.body","UNKNOWN_REQUIRES_REVIEW","3578","2F86AC416C4518576BB783E5F3FE7F341281B112D9483D636176FB4A57947EFC","False","2026-08-04T06:11:51.5952747Z"
"cache/pip/http-v2/e/7/0/3/d/e703d5fe9966754c46b447ef0dc6ead391d84ce5af898f0ed8edbfe0","UNKNOWN_REQUIRES_REVIEW","1271","757C503DFC41F20CBE1D9598C9A16C4F35DAF7C56F424935AF99ECC3744A7E22","False","2026-08-04T06:11:51.4712614Z"
"cache/pip/http-v2/e/7/0/3/d/e703d5fe9966754c46b447ef0dc6ead391d84ce5af898f0ed8edbfe0.body","UNKNOWN_REQUIRES_REVIEW","15173","C8AA441E88F6EE9E37AC5232C33552426F87A6A200C6C66038D37C17B3C1CA56","False","2026-08-04T06:11:51.4753611Z"
"cache/pip/http-v2/e/7/2/a/9/e72a93f35a111c7bfa574aa59255d2eec563b5911e49bd18d5952240","UNKNOWN_REQUIRES_REVIEW","1199","87D826E37FE4D72603EC32C1AC91FA52255B781EF596E64494A44A538D46E3BB","False","2026-08-03T11:07:34.4773641Z"
"cache/pip/http-v2/e/7/2/a/9/e72a93f35a111c7bfa574aa59255d2eec563b5911e49bd18d5952240.body","UNKNOWN_REQUIRES_REVIEW","225098","FA7B17902C3C1DD8A7ADB52679B7F6340BBA08443D710C8838E04DB8CF62BE2A","False","2026-08-03T11:07:34.4773641Z"
"cache/pip/http-v2/e/9/6/0/f/e960fa0fe237e14412f5fd6539e433dc1b119e58e8bc7fd176c3fcdc","UNKNOWN_REQUIRES_REVIEW","1229","5C0A41F8C246B38077C45B1B8322FB9290C2596DD8168249A39244D0DEE50817","False","2026-08-03T11:07:31.2118793Z"
"cache/pip/http-v2/e/9/6/0/f/e960fa0fe237e14412f5fd6539e433dc1b119e58e8bc7fd176c3fcdc.body","UNKNOWN_REQUIRES_REVIEW","22876","A0461110B7865F9A271AA1B51E516C9A95DE9D696734A2F71E3E78F46E1D4678","False","2026-08-03T11:07:31.2210802Z"
"cache/pip/http-v2/f/4/d/8/c/f4d8c095f0a2f8767c74749aa64eb21ea68942eb770eb820a71b2c63","UNKNOWN_REQUIRES_REVIEW","1292","6347D748365AD526EA7B02131A82F5E31EB6B2B1E204208290F1354DBCB4E916","False","2026-08-04T06:11:50.8030169Z"
"cache/pip/http-v2/f/4/d/8/c/f4d8c095f0a2f8767c74749aa64eb21ea68942eb770eb820a71b2c63.body","UNKNOWN_REQUIRES_REVIEW","61110","763CDE904CD382A6194247F5AEAC2BC03475759E676147608D5BC65C22A006A6","False","2026-08-04T06:11:50.8030169Z"
"cache/pip/http-v2/f/6/5/a/6/f65a60cf14ff45f7e4d109d4c8d58a815caa0c711fb2dc47338823ca","UNKNOWN_REQUIRES_REVIEW","446","7F0DA2351D390F15DA31AF3705359A60D34038185A1442C843CBF921176AC743","False","2026-08-03T11:04:41.9902194Z"
"cache/pip/http-v2/f/6/5/a/6/f65a60cf14ff45f7e4d109d4c8d58a815caa0c711fb2dc47338823ca.body","UNKNOWN_REQUIRES_REVIEW","1926431198","DEFERRED_LARGE_FILE","False","2026-08-03T11:04:46.3973203Z"
"cache/pip/http-v2/f/9/0/2/b/f902ba2161d56a88cfa696297a0e8589d247c5c38773d2afcf4da83f","UNKNOWN_REQUIRES_REVIEW","446","B0F86F30F789C3DCBFA0F91C97FB8026F32FEC657C3A8BE2DCC6A23B35BA9D7C","False","2026-08-03T10:55:56.7657986Z"
"cache/pip/http-v2/f/9/0/2/b/f902ba2161d56a88cfa696297a0e8589d247c5c38773d2afcf4da83f.body","UNKNOWN_REQUIRES_REVIEW","5610","9E4576749E2EE4B1E38D14490F6601B2599B72EF02D9FC8579A567C3618D4D76","False","2026-08-03T10:55:56.7796148Z"
"cache/pip/http-v2/f/9/3/4/5/f934557e19fa75bb3010d74f2ea9e3674b027d5b75ead77416c3692a","UNKNOWN_REQUIRES_REVIEW","440","C4611E971D4888BA108D6FC5FD3EDD381B9816FB189B62ABB4ED4249A425E863","False","2026-08-03T11:04:49.0797609Z"
"cache/pip/http-v2/f/9/3/4/5/f934557e19fa75bb3010d74f2ea9e3674b027d5b75ead77416c3692a.body","UNKNOWN_REQUIRES_REVIEW","9083741","1BF254C102BFAF97D3E7878B76B68999BCD4DCD4303C109E76B4FBF9B15265C5","False","2026-08-03T11:04:49.1912651Z"
"cache/pip/http-v2/f/9/9/b/3/f99b3487d2b9c55edcd311aeafa35cbf852ab2cc5c3f5d1a1a08e2b5","UNKNOWN_REQUIRES_REVIEW","1267","358A99B1FA173AF758B5353B4874B8358F9750A5D43D1507A0DF8AB4E6B3C6EE","False","2026-08-03T11:07:29.7606455Z"
"cache/pip/http-v2/f/9/9/b/3/f99b3487d2b9c55edcd311aeafa35cbf852ab2cc5c3f5d1a1a08e2b5.body","UNKNOWN_REQUIRES_REVIEW","4811","7438C35EE25A095EB7416F84B461C2D74425C5E734AD54C3912453C65244E01C","False","2026-08-03T11:07:29.7622074Z"
"cache/pip/http-v2/f/e/b/b/3/febb3f4baa1e932bd4c408e5201aff694a4250bba77d4eae6554f924","UNKNOWN_REQUIRES_REVIEW","1194","7878B43D92A6620404D0B5A8BBBCEA2C9B27C9BE1FA968EDA9BCDADA3FF81209","False","2026-08-03T10:55:36.6860341Z"
"cache/pip/http-v2/f/e/b/b/3/febb3f4baa1e932bd4c408e5201aff694a4250bba77d4eae6554f924.body","UNKNOWN_REQUIRES_REVIEW","137737","EB7E81434C8D223EC4A219B5FC1C47D0417B12BE7EA866E24FB5AD6E84B3D988","False","2026-08-03T10:55:36.7017775Z"
"cache/pip/http-v2/f/f/0/6/f/ff06f8091c10474e256c07ffbfe3f2f3d8fa0ae58b94fc41bca171b5","UNKNOWN_REQUIRES_REVIEW","1247","309D142163E0986337B58E875B275DCA5ED4AA9894B16A04FC2738152DE3319C","False","2026-08-03T11:30:48.7216298Z"
"cache/pip/http-v2/f/f/0/6/f/ff06f8091c10474e256c07ffbfe3f2f3d8fa0ae58b94fc41bca171b5.body","UNKNOWN_REQUIRES_REVIEW","2376822","ABF971A5440F84DBAF42C4B6758E30E62480902584F8B270B9A5D146E278A07B","False","2026-08-03T11:30:48.7377497Z"
"cache/pip/http-v2/f/f/5/7/0/ff57044fbdd8366a0aafc1423058140ac7d29cfda72f3b6a82557928","UNKNOWN_REQUIRES_REVIEW","1893","E69A678D2054D20696D0991128E7DE5546AFD8C7C78472E69CDB819AC96A7F9F","False","2026-08-04T06:11:51.0322460Z"
"cache/pip/http-v2/f/f/5/7/0/ff57044fbdd8366a0aafc1423058140ac7d29cfda72f3b6a82557928.body","UNKNOWN_REQUIRES_REVIEW","25932","E044006EFB6BBC9E25060266A3F771B83AAD9E5246D40D8E1E76540AD4BF558F","False","2026-08-04T06:11:51.0394818Z"
"cache/pip/http-v2/f/f/6/8/4/ff684d05d5955ab9167c36cf724474593796a4fcfe328916ca5d6840","UNKNOWN_REQUIRES_REVIEW","640","DBC229F5EA71D0932E418A5441556DC49EF30C4D505D38604AFDC1AA5AA2DDAB","False","2026-08-03T10:55:57.2777311Z"
"cache/pip/http-v2/f/f/6/8/4/ff684d05d5955ab9167c36cf724474593796a4fcfe328916ca5d6840.body","UNKNOWN_REQUIRES_REVIEW","66187","7257B3A258031FC6864A64144B1FE4C2A91AD7B74C94DD3032EB2945206A30EA","False","2026-08-03T10:55:57.2857676Z"
"cache/pip/selfcheck/d6eed3be2a0540314cc1ade9424b126c1b69bef48bf189d5c620246f","UNKNOWN_REQUIRES_REVIEW","103","91149841031529C84908DEEECC8715EF0D3D3B3E847B7529C02F2ADAD5FC4ECB","False","2026-08-03T10:55:27.5686927Z"
"cache/project_audit_20260805_192731/.gitignore","UNKNOWN_REQUIRES_REVIEW","2141","9295D892299A00066640993D72C7E6E05802690028A1B117A2814FE4C6CC8E46","False","2026-08-05T15:28:53.2284918Z"
"cache/project_audit_20260805_192731/git_status_before_audit.txt","UNKNOWN_REQUIRES_REVIEW","343","AFFF66A43F36933DFC99E47988151986DD48F48661786060CB8AFA14BE1C0855","False","2026-08-05T16:27:31.5517668Z"
"cache/project_audit_20260805_192731/working_tree_before_audit.patch","UNKNOWN_REQUIRES_REVIEW","333","E3A054B252D2CB1932EB67B32A71F87AE896204965662E41231093C28F94BD7B","False","2026-08-05T16:27:31.6109360Z"
"cache/project_audit_20260805_192731/configs/training/stage9b_segmentation_guided_ablation.json","UNKNOWN_REQUIRES_REVIEW","2562","31CF72A96C0786797AEEF078FD332D91692DF351591D62FFAF57E3FDC9234699","False","2026-08-05T15:28:53.2127965Z"
"cache/project_audit_20260805_192731/docs/integration/STAGE9B_SEGMENTATION_GUIDED_ABLATION.md","UNKNOWN_REQUIRES_REVIEW","819","37D0C282A5D8D08BCB5F737F4DA96174CFF691124602801969A163F0DC578D7E","False","2026-08-05T15:28:53.2284918Z"
"cache/project_audit_20260805_192731/scripts/training/run_stage9b.py","UNKNOWN_REQUIRES_REVIEW","497","E8A652D8271A3BABA57E184AE6DA1F54289A42060387C1B01762E16A28329B35","False","2026-08-05T15:28:53.2127965Z"
"cache/project_audit_20260805_192731/src/trustcxr/integration/stage9b_ablation.py","UNKNOWN_REQUIRES_REVIEW","37857","43192DA06A619FAB6EFE02458D848F3C3719405CB2A4AA04AAA08FC86B5CD3FC","False","2026-08-05T15:28:53.4998402Z"
"cache/project_audit_20260805_192731/tests/unit/test_stage9b_ablation.py","UNKNOWN_REQUIRES_REVIEW","2062","90101D4130379DBAD1E656108625AE47D3405C63F5EEDD02F2CD7D1E507C2659","False","2026-08-05T15:28:53.2127965Z"
"cache/project_audit_20260805_192826/.gitignore","UNKNOWN_REQUIRES_REVIEW","2141","9295D892299A00066640993D72C7E6E05802690028A1B117A2814FE4C6CC8E46","False","2026-08-05T15:28:53.2284918Z"
"cache/project_audit_20260805_192826/git_status_before_audit.txt","UNKNOWN_REQUIRES_REVIEW","370","C69BAF6AB55A42E6E9A84E57233C8586046D5E329000DA5F6BB4F0B204F1005D","False","2026-08-05T16:28:26.2867203Z"
"cache/project_audit_20260805_192826/working_tree_before_audit.patch","UNKNOWN_REQUIRES_REVIEW","333","E3A054B252D2CB1932EB67B32A71F87AE896204965662E41231093C28F94BD7B","False","2026-08-05T16:28:26.3505675Z"
"cache/project_audit_20260805_192826/configs/training/stage9b_segmentation_guided_ablation.json","UNKNOWN_REQUIRES_REVIEW","2562","31CF72A96C0786797AEEF078FD332D91692DF351591D62FFAF57E3FDC9234699","False","2026-08-05T15:28:53.2127965Z"
"cache/project_audit_20260805_192826/docs/integration/STAGE9B_SEGMENTATION_GUIDED_ABLATION.md","UNKNOWN_REQUIRES_REVIEW","819","37D0C282A5D8D08BCB5F737F4DA96174CFF691124602801969A163F0DC578D7E","False","2026-08-05T15:28:53.2284918Z"
"cache/project_audit_20260805_192826/scripts/training/run_stage9b.py","UNKNOWN_REQUIRES_REVIEW","497","E8A652D8271A3BABA57E184AE6DA1F54289A42060387C1B01762E16A28329B35","False","2026-08-05T15:28:53.2127965Z"
"cache/project_audit_20260805_192826/src/trustcxr/integration/stage9b_ablation.py","UNKNOWN_REQUIRES_REVIEW","37857","43192DA06A619FAB6EFE02458D848F3C3719405CB2A4AA04AAA08FC86B5CD3FC","False","2026-08-05T15:28:53.4998402Z"
"cache/project_audit_20260805_192826/tests/unit/test_stage9b_ablation.py","UNKNOWN_REQUIRES_REVIEW","2062","90101D4130379DBAD1E656108625AE47D3405C63F5EEDD02F2CD7D1E507C2659","False","2026-08-05T15:28:53.2127965Z"
"cache/project_audit_20260805_193342/.gitignore","UNKNOWN_REQUIRES_REVIEW","2141","9295D892299A00066640993D72C7E6E05802690028A1B117A2814FE4C6CC8E46","False","2026-08-05T15:28:53.2284918Z"
"cache/project_audit_20260805_193342/git_status_before_audit.txt","UNKNOWN_REQUIRES_REVIEW","370","C69BAF6AB55A42E6E9A84E57233C8586046D5E329000DA5F6BB4F0B204F1005D","False","2026-08-05T16:33:42.6681568Z"
"cache/project_audit_20260805_193342/working_tree_before_audit.patch","UNKNOWN_REQUIRES_REVIEW","333","E3A054B252D2CB1932EB67B32A71F87AE896204965662E41231093C28F94BD7B","False","2026-08-05T16:33:42.7311183Z"
"cache/project_audit_20260805_193342/configs/training/stage9b_segmentation_guided_ablation.json","UNKNOWN_REQUIRES_REVIEW","2562","31CF72A96C0786797AEEF078FD332D91692DF351591D62FFAF57E3FDC9234699","False","2026-08-05T15:28:53.2127965Z"
"cache/project_audit_20260805_193342/docs/integration/STAGE9B_SEGMENTATION_GUIDED_ABLATION.md","UNKNOWN_REQUIRES_REVIEW","819","37D0C282A5D8D08BCB5F737F4DA96174CFF691124602801969A163F0DC578D7E","False","2026-08-05T15:28:53.2284918Z"
"cache/project_audit_20260805_193342/scripts/training/run_stage9b.py","UNKNOWN_REQUIRES_REVIEW","497","E8A652D8271A3BABA57E184AE6DA1F54289A42060387C1B01762E16A28329B35","False","2026-08-05T15:28:53.2127965Z"
"cache/project_audit_20260805_193342/src/trustcxr/integration/stage9b_ablation.py","UNKNOWN_REQUIRES_REVIEW","37857","43192DA06A619FAB6EFE02458D848F3C3719405CB2A4AA04AAA08FC86B5CD3FC","False","2026-08-05T15:28:53.4998402Z"
"cache/project_audit_20260805_193342/tests/unit/test_stage9b_ablation.py","UNKNOWN_REQUIRES_REVIEW","2062","90101D4130379DBAD1E656108625AE47D3405C63F5EEDD02F2CD7D1E507C2659","False","2026-08-05T15:28:53.2127965Z"
"cache/project_audit_20260805_194313/.gitignore","UNKNOWN_REQUIRES_REVIEW","2141","9295D892299A00066640993D72C7E6E05802690028A1B117A2814FE4C6CC8E46","False","2026-08-05T15:28:53.2284918Z"
"cache/project_audit_20260805_194313/git_status_before_audit.txt","UNKNOWN_REQUIRES_REVIEW","370","C69BAF6AB55A42E6E9A84E57233C8586046D5E329000DA5F6BB4F0B204F1005D","False","2026-08-05T16:43:14.0319520Z"
"cache/project_audit_20260805_194313/working_tree_before_audit.patch","UNKNOWN_REQUIRES_REVIEW","333","E3A054B252D2CB1932EB67B32A71F87AE896204965662E41231093C28F94BD7B","False","2026-08-05T16:43:14.1107455Z"
"cache/project_audit_20260805_194313/configs/training/stage9b_segmentation_guided_ablation.json","UNKNOWN_REQUIRES_REVIEW","2562","31CF72A96C0786797AEEF078FD332D91692DF351591D62FFAF57E3FDC9234699","False","2026-08-05T15:28:53.2127965Z"
"cache/project_audit_20260805_194313/docs/integration/STAGE9B_SEGMENTATION_GUIDED_ABLATION.md","UNKNOWN_REQUIRES_REVIEW","819","37D0C282A5D8D08BCB5F737F4DA96174CFF691124602801969A163F0DC578D7E","False","2026-08-05T15:28:53.2284918Z"
"cache/project_audit_20260805_194313/scripts/training/run_stage9b.py","UNKNOWN_REQUIRES_REVIEW","497","E8A652D8271A3BABA57E184AE6DA1F54289A42060387C1B01762E16A28329B35","False","2026-08-05T15:28:53.2127965Z"
"cache/project_audit_20260805_194313/src/trustcxr/integration/stage9b_ablation.py","UNKNOWN_REQUIRES_REVIEW","37857","43192DA06A619FAB6EFE02458D848F3C3719405CB2A4AA04AAA08FC86B5CD3FC","False","2026-08-05T15:28:53.4998402Z"
"cache/project_audit_20260805_194313/tests/unit/test_stage9b_ablation.py","UNKNOWN_REQUIRES_REVIEW","2062","90101D4130379DBAD1E656108625AE47D3405C63F5EEDD02F2CD7D1E507C2659","False","2026-08-05T15:28:53.2127965Z"
"cache/project_audit_20260805_200304/.gitignore","UNKNOWN_REQUIRES_REVIEW","2141","9295D892299A00066640993D72C7E6E05802690028A1B117A2814FE4C6CC8E46","False","2026-08-05T15:28:53.2284918Z"
"cache/project_audit_20260805_200304/git_status_before_audit.txt","UNKNOWN_REQUIRES_REVIEW","410","87B7365AE0E9000FE283DC941AB6F41232AD7A95830C7DD75C9114F7EA430AC0","False","2026-08-05T17:03:04.2143096Z"
"cache/project_audit_20260805_200304/working_tree_before_audit.patch","UNKNOWN_REQUIRES_REVIEW","333","E3A054B252D2CB1932EB67B32A71F87AE896204965662E41231093C28F94BD7B","False","2026-08-05T17:03:04.2878108Z"
"cache/project_audit_20260805_200304/configs/training/stage9b_segmentation_guided_ablation.json","UNKNOWN_REQUIRES_REVIEW","2681","622572211B75498B48C8980AEA4179C270630948F15FCA7A832ACEBD2A0060DE","False","2026-08-05T17:00:28.2696932Z"
"cache/project_audit_20260805_200304/docs/integration/STAGE9B_SEGMENTATION_GUIDED_ABLATION.md","UNKNOWN_REQUIRES_REVIEW","2096","898DD5EF17D586A544E7CC912050745F274F8BD109BD35E5CF99D00A3582E5E0","False","2026-08-05T17:02:34.9059361Z"
"cache/project_audit_20260805_200304/scripts/training/profile_stage9b.py","UNKNOWN_REQUIRES_REVIEW","5339","0408AE490B8715F770084F8B1B25FA196E9B316B2CC2790C6848BE1149962E7A","False","2026-08-05T16:48:43.7046353Z"
"cache/project_audit_20260805_200304/scripts/training/run_stage9b.py","UNKNOWN_REQUIRES_REVIEW","497","E8A652D8271A3BABA57E184AE6DA1F54289A42060387C1B01762E16A28329B35","False","2026-08-05T15:28:53.2127965Z"
"cache/project_audit_20260805_200304/src/trustcxr/integration/stage9b_ablation.py","UNKNOWN_REQUIRES_REVIEW","39478","C7E7BA6851D88796B86A655866FB76F562B6A4A4903149C0A6E9E9EE3AA795AF","False","2026-08-05T17:00:52.2329266Z"
"cache/project_audit_20260805_200304/tests/unit/test_stage9b_ablation.py","UNKNOWN_REQUIRES_REVIEW","3115","47018B1C4F52C7746F0EA369908F6126CCA09D649DCAA50E7AA0C453DB0E95FF","False","2026-08-05T17:01:10.6373315Z"
"cache/project_audit_20260805_200455/.gitignore","UNKNOWN_REQUIRES_REVIEW","2141","9295D892299A00066640993D72C7E6E05802690028A1B117A2814FE4C6CC8E46","False","2026-08-05T15:28:53.2284918Z"
"cache/project_audit_20260805_200455/git_status_before_audit.txt","UNKNOWN_REQUIRES_REVIEW","410","87B7365AE0E9000FE283DC941AB6F41232AD7A95830C7DD75C9114F7EA430AC0","False","2026-08-05T17:04:55.4545102Z"
"cache/project_audit_20260805_200455/working_tree_before_audit.patch","UNKNOWN_REQUIRES_REVIEW","333","E3A054B252D2CB1932EB67B32A71F87AE896204965662E41231093C28F94BD7B","False","2026-08-05T17:04:55.5213653Z"
"cache/project_audit_20260805_200455/configs/training/stage9b_segmentation_guided_ablation.json","UNKNOWN_REQUIRES_REVIEW","2681","622572211B75498B48C8980AEA4179C270630948F15FCA7A832ACEBD2A0060DE","False","2026-08-05T17:00:28.2696932Z"
"cache/project_audit_20260805_200455/docs/integration/STAGE9B_SEGMENTATION_GUIDED_ABLATION.md","UNKNOWN_REQUIRES_REVIEW","2096","898DD5EF17D586A544E7CC912050745F274F8BD109BD35E5CF99D00A3582E5E0","False","2026-08-05T17:02:34.9059361Z"
"cache/project_audit_20260805_200455/scripts/training/profile_stage9b.py","UNKNOWN_REQUIRES_REVIEW","5339","0408AE490B8715F770084F8B1B25FA196E9B316B2CC2790C6848BE1149962E7A","False","2026-08-05T16:48:43.7046353Z"
"cache/project_audit_20260805_200455/scripts/training/run_stage9b.py","UNKNOWN_REQUIRES_REVIEW","497","E8A652D8271A3BABA57E184AE6DA1F54289A42060387C1B01762E16A28329B35","False","2026-08-05T15:28:53.2127965Z"
"cache/project_audit_20260805_200455/src/trustcxr/integration/stage9b_ablation.py","UNKNOWN_REQUIRES_REVIEW","39478","C7E7BA6851D88796B86A655866FB76F562B6A4A4903149C0A6E9E9EE3AA795AF","False","2026-08-05T17:00:52.2329266Z"
"cache/project_audit_20260805_200455/tests/unit/test_stage9b_ablation.py","UNKNOWN_REQUIRES_REVIEW","3115","47018B1C4F52C7746F0EA369908F6126CCA09D649DCAA50E7AA0C453DB0E95FF","False","2026-08-05T17:01:10.6373315Z"
"cache/quarantine_20260805_194408/quarantine_manifest.csv","UNKNOWN_REQUIRES_REVIEW","5575","CB97299956794562FD4E2E8A95803FD55723B48E93474460FE967AA5A38D533F","False","2026-08-05T16:44:08.2928801Z"
"cache/quarantine_20260805_194707/quarantine_manifest.csv","UNKNOWN_REQUIRES_REVIEW","5556","D2CE0AD8B599045C8D98DC014C960CBBB4AE57F0E53794FE045F6CA3D97CE91E","False","2026-08-05T16:47:19.2490886Z"
"cache/quarantine_20260805_194707/reproducible_tool_caches/.ruff_cache/.gitignore","UNKNOWN_REQUIRES_REVIEW","35","9E3A60F1E6EC4AE60215C11D54B171392745EC25E9DDED433D5BD921363AF316","False","2026-08-03T11:08:00.4307361Z"
"cache/quarantine_20260805_194707/reproducible_tool_caches/.ruff_cache/CACHEDIR.TAG","UNKNOWN_REQUIRES_REVIEW","43","5953156D7E0C564A427251316EAF26F8870E6483AE2197F916B630E4F93E31AE","False","2026-08-03T11:08:00.4307361Z"
"cache/quarantine_20260805_194707/reproducible_tool_caches/.ruff_cache/0.16.1/11991504048404205614","UNKNOWN_REQUIRES_REVIEW","556","4813BCA61C6EFF7F71BEC7F4278337B461A0EAD8ECA47B549D48E4574BF6239D","False","2026-08-05T13:14:19.8061004Z"
"cache/quarantine_20260805_194707/reproducible_tool_caches/.ruff_cache/0.16.1/14394607929645651610","UNKNOWN_REQUIRES_REVIEW","308","E79B59D5CB4BCAE38F186BF12F2C84BC647013C1346D6AF046AC7934BACB0B91","False","2026-08-05T12:00:28.6957273Z"
"cache/quarantine_20260805_194707/reproducible_tool_caches/.ruff_cache/0.16.1/15901399348962697874","UNKNOWN_REQUIRES_REVIEW","164","D4D363CB8CDFBEAD521849023CAA29413CE9D781B2A9B857E46905D376489987","False","2026-08-04T13:48:01.5451003Z"
"cache/quarantine_20260805_194707/reproducible_tool_caches/.ruff_cache/0.16.1/18202234416161926118","UNKNOWN_REQUIRES_REVIEW","180","7F8A97DE19B71466E8B458B56D71DC2E346A1F9A1272C7FECF2C42229CECCA14","False","2026-08-03T11:11:30.3836910Z"
"cache/quarantine_20260805_194707/reproducible_tool_caches/.ruff_cache/0.16.1/2667685405063059584","UNKNOWN_REQUIRES_REVIEW","1436","A14F02F15CE3E5B29FB1BF518F684E30751AB960EBB92C749DC161AA4857B98C","False","2026-08-05T15:28:53.4998402Z"
"cache/quarantine_20260805_194707/reproducible_tool_caches/.ruff_cache/0.16.1/6232219342128578412","UNKNOWN_REQUIRES_REVIEW","396","2E785C75C514F57B82C9470944E049251269D7B343A35E7DD5A7423E1E686307","False","2026-08-05T15:28:53.4998402Z"
"cache/quarantine_20260805_194707/reproducible_tool_caches/.ruff_cache/0.16.1/682959303808390353","UNKNOWN_REQUIRES_REVIEW","2820","5370E36460DA36B33BD80B422102586AB0A108A8CFE17EC6E73AD9977CCAB9EA","False","2026-08-05T15:28:53.6395247Z"
"cache/quarantine_20260805_194707/reproducible_tool_caches/.ruff_cache/0.16.1/7770169114362332427","UNKNOWN_REQUIRES_REVIEW","172","B47722E476105DC11586BDA0AB7E290624BE046E992190402FF0BB2ECDFB6F43","False","2026-08-03T11:08:00.5368445Z"
"cache/quarantine_20260805_194707/reproducible_tool_caches/scripts__data____pycache__/run_stage9a.cpython-312.pyc","UNKNOWN_REQUIRES_REVIEW","876","3990AC8F97397EBBBD8771341BC690154888F6EEE5237210A468C6B120699551","False","2026-08-05T13:14:19.5718904Z"
"cache/quarantine_20260805_194707/reproducible_tool_caches/scripts__evaluation____pycache__/run_stage7d.cpython-312.pyc","UNKNOWN_REQUIRES_REVIEW","1312","DE84E306D4A0CEC7BA2841682F75611E9AA731FE34AD312B0DFDD8A22DB46E8F","False","2026-08-04T17:20:03.8475879Z"
"cache/quarantine_20260805_194707/reproducible_tool_caches/scripts__evaluation____pycache__/run_stage7d.cpython-313.pyc","UNKNOWN_REQUIRES_REVIEW","1331","FC238E85FC4CBEEF124086F603CCFA1AF0AE7D5CC08972C3FFE8D15FB29D91EE","False","2026-08-04T17:20:03.8291098Z"
"cache/quarantine_20260805_194707/reproducible_tool_caches/scripts__evaluation____pycache__/run_stage7e.cpython-312.pyc","UNKNOWN_REQUIRES_REVIEW","828","1F73C6ECE5B328AE288E4A80BA84FD361C70E611B30F94B2C72BD5C04F49B6BE","False","2026-08-04T20:16:06.2197558Z"
"cache/quarantine_20260805_194707/reproducible_tool_caches/scripts__evaluation____pycache__/run_stage8d.cpython-312.pyc","UNKNOWN_REQUIRES_REVIEW","883","7000971785621AA0C6DB32694041CFC527451EC3EF408B9CECAB2FFFF0EFF3CC","False","2026-08-05T10:59:48.6989024Z"
"cache/quarantine_20260805_194707/reproducible_tool_caches/scripts__evaluation____pycache__/run_stage8e.cpython-312.pyc","UNKNOWN_REQUIRES_REVIEW","1025","88DD149C72261282E328C283221C99A90FCDB926BCC248819EB78700598AD6C5","False","2026-08-05T12:00:28.4267095Z"
"cache/quarantine_20260805_194707/reproducible_tool_caches/scripts__features____pycache__/run_stage7b.cpython-312.pyc","UNKNOWN_REQUIRES_REVIEW","1590","5BB3D82C83E9CD787D0FA1F2F686F90031B9B890EFA6F806918E9387C4B9F2C6","False","2026-08-04T13:41:32.0027090Z"
"cache/quarantine_20260805_194707/reproducible_tool_caches/scripts__training____pycache__/run_stage6.cpython-312.pyc","UNKNOWN_REQUIRES_REVIEW","1035","A91EA29B536307F26616C6C0CC0AAA84E21191A532E35CCE8CF85C32C230676A","False","2026-08-04T06:07:31.9183444Z"
"cache/quarantine_20260805_194707/reproducible_tool_caches/scripts__training____pycache__/run_stage7c.cpython-312.pyc","UNKNOWN_REQUIRES_REVIEW","1109","E3EB7CA0176584D65DF24BA38A8582E08A2DF243FA835A1640E6F25ED0D1D020","False","2026-08-04T16:06:47.9538264Z"
"cache/quarantine_20260805_194707/reproducible_tool_caches/scripts__training____pycache__/run_stage8b.cpython-312.pyc","UNKNOWN_REQUIRES_REVIEW","878","678251A4F334452284F455B4CB84FB31A9BE7F53D77DB23D862BFCE9DB5268C8","False","2026-08-04T20:56:19.0306460Z"
"cache/quarantine_20260805_194707/reproducible_tool_caches/scripts__training____pycache__/run_stage8c.cpython-312.pyc","UNKNOWN_REQUIRES_REVIEW","882","38FFE6205DEE787AD609BB7FA97AC9C9CC70FB59513B25F0BEAF60B154944E39","False","2026-08-05T09:01:08.1483936Z"
"cache/quarantine_20260805_194707/reproducible_tool_caches/scripts__training____pycache__/run_stage9b.cpython-312.pyc","UNKNOWN_REQUIRES_REVIEW","1006","90F6300C483BC0282E31A1FA4DFE3B69A37352FF88C08253F3A02DFDDCAD5093","False","2026-08-05T15:28:53.2808566Z"
"cache/quarantine_20260805_194707/reproducible_tool_caches/src__trustcxr__classification____pycache__/dataset.cpython-312.pyc","UNKNOWN_REQUIRES_REVIEW","17343","5DD6CB7477719E4EB59672A3323E0733BB060BF62635AEFEA51BAE5626D67797","False","2026-08-04T06:07:52.2671375Z"
"cache/quarantine_20260805_194707/reproducible_tool_caches/src__trustcxr__classification____pycache__/metrics.cpython-312.pyc","UNKNOWN_REQUIRES_REVIEW","6014","C4625299B03C19FB975DBF44134F7F53BB3058CE05F90020FD3984C2DF8D01B0","False","2026-08-04T06:07:52.2828125Z"
"cache/quarantine_20260805_194707/reproducible_tool_caches/src__trustcxr__classification____pycache__/model.cpython-312.pyc","UNKNOWN_REQUIRES_REVIEW","4732","3E8D9C412BE4861085990BE2456A8665F35DE861CBFA4CA1654B4F27AF517814","False","2026-08-04T06:07:31.8544260Z"
"cache/quarantine_20260805_194707/reproducible_tool_caches/src__trustcxr__classification____pycache__/sampler.cpython-312.pyc","UNKNOWN_REQUIRES_REVIEW","3172","BDED0B90FF093944591EA04F780DE4CD81718DE2713CC3B847CB26F8D0572B0D","False","2026-08-04T06:07:31.8227064Z"
"cache/quarantine_20260805_194707/reproducible_tool_caches/src__trustcxr__classification____pycache__/train.cpython-312.pyc","UNKNOWN_REQUIRES_REVIEW","29754","88C8BB18F7C355AA98F5EB6659F8E06226711163D5279713051283DE6A0F2867","False","2026-08-04T11:16:00.6833257Z"
"cache/quarantine_20260805_194707/reproducible_tool_caches/src__trustcxr__classification____pycache__/__init__.cpython-312.pyc","UNKNOWN_REQUIRES_REVIEW","410","AC6270594A01FFD14FFBA9A3E3F96F0AB6E7B686DF0A0BC4047B6C450B5397DD","False","2026-08-04T06:07:31.9815095Z"
"cache/quarantine_20260805_194707/reproducible_tool_caches/src__trustcxr__comparison____pycache__/stage7d.cpython-312.pyc","UNKNOWN_REQUIRES_REVIEW","61169","815CAB190366428202383487D3241698C9DCFBD12A395C068C49FE87B4DD30A3","False","2026-08-04T20:02:53.6832850Z"
"cache/quarantine_20260805_194707/reproducible_tool_caches/src__trustcxr__comparison____pycache__/stage7d.cpython-313.pyc","UNKNOWN_REQUIRES_REVIEW","60544","AEEA3A229C9ACBA6FE4B1D838492FE9EC63878CE62347DD40D1FC68382128E33","False","2026-08-04T17:20:03.8291098Z"
"cache/quarantine_20260805_194707/reproducible_tool_caches/src__trustcxr__comparison____pycache__/stage7d.py.cpython-312.pyc","UNKNOWN_REQUIRES_REVIEW","61173","1E8E467FC32DCF324A4124607A4471E3BAEB741EC734BD9FB629269E27D31D56","False","2026-08-04T20:02:53.6734931Z"
"cache/quarantine_20260805_194707/reproducible_tool_caches/src__trustcxr__comparison____pycache__/__init__.cpython-312.pyc","UNKNOWN_REQUIRES_REVIEW","216","2F643AA719D07C6F1840E96A91056ED9592D0F69CE2E8CF0D1C4472A10EEDA0D","False","2026-08-04T17:20:03.8564722Z"
"cache/quarantine_20260805_194707/reproducible_tool_caches/src__trustcxr__comparison____pycache__/__init__.cpython-313.pyc","UNKNOWN_REQUIRES_REVIEW","245","ECD6D7D862DE336FBFDA56164F400375E571833BAAF229FF83FEDFCB15F54DCC","False","2026-08-04T17:20:03.8291098Z"
"cache/quarantine_20260805_194707/reproducible_tool_caches/src__trustcxr__data____pycache__/adapters.cpython-312.pyc","UNKNOWN_REQUIRES_REVIEW","8331","44D69DB7C4A07C8894BC109EED82DDE4EBE73C460219EBF80B4891496A45E04C","False","2026-08-03T12:02:05.9277617Z"
"cache/quarantine_20260805_194707/reproducible_tool_caches/src__trustcxr__data____pycache__/audit.cpython-312.pyc","UNKNOWN_REQUIRES_REVIEW","25121","2B3BB25F229E1CCDC9BBECA16ABAA6D48D385DA98A74785BBE466877B471682C","False","2026-08-03T11:30:54.8483084Z"
"cache/quarantine_20260805_194707/reproducible_tool_caches/src__trustcxr__data____pycache__/concrete_adapters.cpython-312.pyc","UNKNOWN_REQUIRES_REVIEW","46541","4F22143AEDA5912C6CCFDD87CCF74FDB0DDB3F5E710C42C15033E0DD5D13EAD3","False","2026-08-03T12:51:54.5151869Z"
"cache/quarantine_20260805_194707/reproducible_tool_caches/src__trustcxr__data____pycache__/identity_mapping.cpython-312.pyc","UNKNOWN_REQUIRES_REVIEW","31628","2EE96B3B1569CA2B706DA324018F2F3273AA1DA1FDDD8B22F41C21EF25C62B91","False","2026-08-03T12:02:06.0862825Z"
"cache/quarantine_20260805_194707/reproducible_tool_caches/src__trustcxr__data____pycache__/readiness_gate.cpython-312.pyc","UNKNOWN_REQUIRES_REVIEW","9641","984D5A756AC42E8B2B10D1508810B56A6F0BC7B9DEE1DA2E085EEE8163222C5E","False","2026-08-03T14:35:29.1727351Z"
"cache/quarantine_20260805_194707/reproducible_tool_caches/src__trustcxr__data____pycache__/safe_splits.cpython-312.pyc","UNKNOWN_REQUIRES_REVIEW","2557","6A3BCA440ADACCE32E0D0529C55F51A86D9D2356C7CACCAA1A6D6C13EB9BA8F5","False","2026-08-03T12:51:54.6167964Z"
"cache/quarantine_20260805_194707/reproducible_tool_caches/src__trustcxr__data____pycache__/stage4_3_resolution.cpython-312.pyc","UNKNOWN_REQUIRES_REVIEW","56215","5B6A1979EE109D5016B75BE73866E55832B31BBF187411DA15AEF54138F8D263","False","2026-08-03T13:41:36.9706089Z"
"cache/quarantine_20260805_194707/reproducible_tool_caches/src__trustcxr__data____pycache__/structure_validation.cpython-312.pyc","UNKNOWN_REQUIRES_REVIEW","27233","E676FFF413FAB8904FDB880E7A923F2AD532DD09FEFA69124269E9CBE877245E","False","2026-08-03T11:48:45.1711291Z"
"cache/quarantine_20260805_194707/reproducible_tool_caches/src__trustcxr__data____pycache__/__init__.cpython-312.pyc","UNKNOWN_REQUIRES_REVIEW","141","946C23D15D59472FB5D1A653220D4DB5212EDC2ABD49D32749D986CDC79C6768","False","2026-08-03T11:30:54.8483084Z"
"cache/quarantine_20260805_194707/reproducible_tool_caches/src__trustcxr__features____pycache__/rad_dino.cpython-312.pyc","UNKNOWN_REQUIRES_REVIEW","40439","EA436C81FCB22EBE1490E7E3B4CCB33A5C54CF77EA7AB4E49EFD0B66DA3BD271","False","2026-08-04T13:48:04.9851998Z"
"cache/quarantine_20260805_194707/reproducible_tool_caches/src__trustcxr__features____pycache__/rad_dino.py.cpython-312.pyc","UNKNOWN_REQUIRES_REVIEW","40504","D264DE321D2AF42C79AB1054BCA22482795256D3B51451CBDD3C99F7A6194544","False","2026-08-04T13:48:01.2370213Z"
"cache/quarantine_20260805_194707/reproducible_tool_caches/src__trustcxr__features____pycache__/__init__.cpython-312.pyc","UNKNOWN_REQUIRES_REVIEW","363","7FC5D1E1D2B6E522796F3B5017FD956475692845CA1EE87C458D6C95A5FF985D","False","2026-08-04T13:41:32.0185289Z"
"cache/quarantine_20260805_194707/reproducible_tool_caches/src__trustcxr__integration____pycache__/stage9a_cohort.cpython-312.pyc","UNKNOWN_REQUIRES_REVIEW","23902","02B1E8E7DE50E7B5F9BCC7A3589C71F7B5BCF4470296793FAB958505FCA2445E","False","2026-08-05T13:14:24.5313152Z"
"cache/quarantine_20260805_194707/reproducible_tool_caches/src__trustcxr__integration____pycache__/stage9b_ablation.cpython-312.pyc","UNKNOWN_REQUIRES_REVIEW","47869","DA01A2E8DF2E6A7DFAC39F4B4E20CCA07B22CE45289F69F12B0C3ABEBF68DBB7","False","2026-08-05T15:28:58.3257014Z"
"cache/quarantine_20260805_194707/reproducible_tool_caches/src__trustcxr__integration____pycache__/__init__.cpython-312.pyc","UNKNOWN_REQUIRES_REVIEW","192","26D75AB211ED10D3FF465C5206A52D767D175118860BE3FB2CE738D030D37A5B","False","2026-08-05T13:14:19.5543140Z"
"cache/quarantine_20260805_194707/reproducible_tool_caches/src__trustcxr__probes____pycache__/rad_dino.cpython-312.pyc","UNKNOWN_REQUIRES_REVIEW","57064","23DC0DE9693C294E634107EA879BA4F121306A2FA6756B6D62A87A94CE6D6037","False","2026-08-04T16:06:52.8117902Z"
"cache/quarantine_20260805_194707/reproducible_tool_caches/src__trustcxr__probes____pycache__/__init__.cpython-312.pyc","UNKNOWN_REQUIRES_REVIEW","351","B0F95E770E3F275A2356F6F1FE803A8B4BCF2C0BF4524643A6BAB2525F432BB1","False","2026-08-04T16:06:47.9567431Z"
"cache/quarantine_20260805_194707/reproducible_tool_caches/src__trustcxr__quality____pycache__/dataset.cpython-312.pyc","UNKNOWN_REQUIRES_REVIEW","19143","92419EC4CC260BB7DF8B2A306A5D909A3AC7FEA506033F66D3035621E6D67E4A","False","2026-08-03T16:46:11.4686842Z"
"cache/quarantine_20260805_194707/reproducible_tool_caches/src__trustcxr__quality____pycache__/model.cpython-312.pyc","UNKNOWN_REQUIRES_REVIEW","2129","B3CFDA47231E68234BC9AD62914E94EC58A858A087D739DA7E41A374CF7959C8","False","2026-08-03T16:31:47.5561029Z"
"cache/quarantine_20260805_194707/reproducible_tool_caches/src__trustcxr__quality____pycache__/train.cpython-312.pyc","UNKNOWN_REQUIRES_REVIEW","26472","A13B9D2785984A3C3F8E69B68BAB0EB570050DB686B24EB5D863D6AF6A34543F","False","2026-08-03T16:31:54.4563228Z"
"cache/quarantine_20260805_194707/reproducible_tool_caches/src__trustcxr__quality____pycache__/__init__.cpython-312.pyc","UNKNOWN_REQUIRES_REVIEW","315","99C8A71D857C75630E106CC42C778A04CF6F0E7291076BC95EF2C8A711AB900E","False","2026-08-03T16:31:47.5400922Z"
"cache/quarantine_20260805_194707/reproducible_tool_caches/src__trustcxr__segmentation____pycache__/chexmask.cpython-312.pyc","UNKNOWN_REQUIRES_REVIEW","5061","2E94743F8EFA9EA9A93A65B3A0798691411658CD0DBDB54F9659AD4D7713FAB2","False","2026-08-04T20:42:34.3135187Z"
"cache/quarantine_20260805_194707/reproducible_tool_caches/src__trustcxr__segmentation____pycache__/stage8b_unet.cpython-312.pyc","UNKNOWN_REQUIRES_REVIEW","66828","BD2703D8AE1709B83A3A93F43C6B04ED43186D07DB17CFC2B274A8AFCCDFAE79","False","2026-08-04T20:56:23.7232004Z"
"cache/quarantine_20260805_194707/reproducible_tool_caches/src__trustcxr__segmentation____pycache__/stage8c_coverage.cpython-312.pyc","UNKNOWN_REQUIRES_REVIEW","50212","91546C4507D9BC6904851E34ECBBD5A7D43B98FB72217D01D25B51573435AF78","False","2026-08-05T09:02:09.1165982Z"
"cache/quarantine_20260805_194707/reproducible_tool_caches/src__trustcxr__segmentation____pycache__/stage8d_comparison.cpython-312.pyc","UNKNOWN_REQUIRES_REVIEW","37082","EB8B89AEA1D1C2B99CFC80C6DAFD5B2A8A32F27D71BF3E705C90A058BAEA4071","False","2026-08-05T10:59:53.9581228Z"
"cache/quarantine_20260805_194707/reproducible_tool_caches/src__trustcxr__segmentation____pycache__/stage8e_final_evaluation.cpython-312.pyc","UNKNOWN_REQUIRES_REVIEW","38512","83D9098C74306FC4D51D0F589B7AF87A0401581B1F6E7B44E7611A6251900ABA","False","2026-08-05T12:00:33.3687483Z"
"cache/quarantine_20260805_194707/reproducible_tool_caches/src__trustcxr__segmentation____pycache__/__init__.cpython-312.pyc","UNKNOWN_REQUIRES_REVIEW","676","F043E39FA8B9CD9C7B1B563FEE0E31B1E8AF3C7FD6D2B711A5207A6D3A3BA27B","False","2026-08-04T20:56:23.7072563Z"
"cache/quarantine_20260805_194707/reproducible_tool_caches/src__trustcxr__spatial____pycache__/stage7e.cpython-312.pyc","UNKNOWN_REQUIRES_REVIEW","38118","206A54E4F82FF1AE0FFE39D12D23ADB8EDC04406E280FE817C70A4956D1202FC","False","2026-08-04T20:16:11.0946740Z"
"cache/quarantine_20260805_194707/reproducible_tool_caches/src__trustcxr__spatial____pycache__/__init__.cpython-312.pyc","UNKNOWN_REQUIRES_REVIEW","280","6BAFAEAEB533B19D109F096665224486CE6DA83D88004362C1D50B46011CC44C","False","2026-08-04T20:16:06.2355405Z"
"cache/quarantine_20260805_194707/reproducible_tool_caches/src__trustcxr____pycache__/__init__.cpython-312.pyc","UNKNOWN_REQUIRES_REVIEW","206","83712C5A5B190FDC4BA6BF5DC759B9E39BB65653140C7D0C14BBFA375034822B","False","2026-08-03T11:11:46.8512223Z"
"cache/quarantine_20260805_194707/reproducible_tool_caches/tests__smoke____pycache__/test_stage2_environment.cpython-312-pytest-9.1.1.pyc","UNKNOWN_REQUIRES_REVIEW","6351","D0303E45867D5C7464DAFAC60EAE1E251AC0BAE30D1D1BC10929D377CBD24910","False","2026-08-03T11:11:30.7644248Z"
"cache/quarantine_20260805_194707/reproducible_tool_caches/tests__unit____pycache__/test_adapters.cpython-312-pytest-9.1.1.pyc","UNKNOWN_REQUIRES_REVIEW","7119","D8C98E78D388589D3C57B659E6545B561971BEA076038969B91E8DF7AFE38928","False","2026-08-03T12:02:05.9277617Z"
"cache/quarantine_20260805_194707/reproducible_tool_caches/tests__unit____pycache__/test_concrete_adapters.cpython-312-pytest-9.1.1.pyc","UNKNOWN_REQUIRES_REVIEW","11455","EA4DF322601F319BF6854D190B9A456C02A2C072A9BC3EB7EF1A72BAB1E1861F","False","2026-08-03T12:51:54.4533229Z"
"cache/quarantine_20260805_194707/reproducible_tool_caches/tests__unit____pycache__/test_dataset_audit.cpython-312-pytest-9.1.1.pyc","UNKNOWN_REQUIRES_REVIEW","13187","BBFCFEF882CB5BEE8F39829752D092AB37C7CDB7F1A1B5965B3879EBE676EED1","False","2026-08-03T11:30:54.8438244Z"
"cache/quarantine_20260805_194707/reproducible_tool_caches/tests__unit____pycache__/test_identity_mapping.cpython-312-pytest-9.1.1.pyc","UNKNOWN_REQUIRES_REVIEW","11711","368868887F59995F8C1F305214777C1FBE83C160F778B46E8A12EF1102E8AAA8","False","2026-08-03T12:02:06.0862825Z"
"cache/quarantine_20260805_194707/reproducible_tool_caches/tests__unit____pycache__/test_readiness_gate.cpython-312-pytest-9.1.1.pyc","UNKNOWN_REQUIRES_REVIEW","7907","0595245EC538E84C38487F2347BF06BB011C771DCCA94C44477C12A420C8D629","False","2026-08-03T14:35:29.1727351Z"
"cache/quarantine_20260805_194707/reproducible_tool_caches/tests__unit____pycache__/test_safe_splits.cpython-312-pytest-9.1.1.pyc","UNKNOWN_REQUIRES_REVIEW","5201","4A83E5F714E828991F7CB7225737594CB5B2E7AB4BFEDF9F2FAFAD19C81C1E3B","False","2026-08-03T12:51:54.6277916Z"
"cache/quarantine_20260805_194707/reproducible_tool_caches/tests__unit____pycache__/test_stage4_3_resolution.cpython-312-pytest-9.1.1.pyc","UNKNOWN_REQUIRES_REVIEW","18996","682EDA876C2D4B4A90A0A29D923CC0708E9CA5A1E7D8C1EB8955FBE526E86177","False","2026-08-03T13:41:36.9599362Z"
"cache/quarantine_20260805_194707/reproducible_tool_caches/tests__unit____pycache__/test_stage5_quality_view.cpython-312-pytest-9.1.1.pyc","UNKNOWN_REQUIRES_REVIEW","10134","9A5E400ECA2283702009D16202DAF65484A54EBE7A14A812C49C86571F742356","False","2026-08-03T16:46:11.4622939Z"
"cache/quarantine_20260805_194707/reproducible_tool_caches/tests__unit____pycache__/test_stage6_cyclic_sampler.cpython-312-pytest-9.1.1.pyc","UNKNOWN_REQUIRES_REVIEW","6303","059CD6E38743C3FF0DCB651AE8558BE92D90E27D34DE5413A9F1577BB0193718","False","2026-08-04T06:07:52.2671375Z"
"cache/quarantine_20260805_194707/reproducible_tool_caches/tests__unit____pycache__/test_stage6_cyclic_sampler.cpython-312.pyc","UNKNOWN_REQUIRES_REVIEW","2005","BFA15D2BEFA99749564B35E866DEAB7900E2D788F1B7A28A405B33F27A00409A","False","2026-08-04T06:07:31.9339210Z"
"cache/quarantine_20260805_194707/reproducible_tool_caches/tests__unit____pycache__/test_stage6_multilabel.cpython-312-pytest-9.1.1.pyc","UNKNOWN_REQUIRES_REVIEW","10051","9137897B311BD441579771098FC1570B7482B9D30B4607BD31FB29F276F1D720","False","2026-08-04T06:07:52.2828125Z"
"cache/quarantine_20260805_194707/reproducible_tool_caches/tests__unit____pycache__/test_stage6_multilabel.cpython-312.pyc","UNKNOWN_REQUIRES_REVIEW","3461","A39C0073ED1D357752961773687BE0AC1B71B94C584BC56EA5884E803CAA9315","False","2026-08-04T06:07:31.9656490Z"
"cache/quarantine_20260805_194707/reproducible_tool_caches/tests__unit____pycache__/test_stage7b_rad_dino.cpython-312-pytest-9.1.1.pyc","UNKNOWN_REQUIRES_REVIEW","10742","4EB172689BBDE2A57186C3E43D98476D9EDE431B9DEF25FADD9702803B2BC6CF","False","2026-08-04T13:48:04.9692076Z"
"cache/quarantine_20260805_194707/reproducible_tool_caches/tests__unit____pycache__/test_stage7b_rad_dino.cpython-312.pyc","UNKNOWN_REQUIRES_REVIEW","2949","D3E1365FB3C3DF12454A5CE5D5C4DE74D656DFC1DE610A334A24F9A52F1E04C6","False","2026-08-04T13:41:32.0658845Z"
"cache/quarantine_20260805_194707/reproducible_tool_caches/tests__unit____pycache__/test_stage7c_probes.cpython-312-pytest-9.1.1.pyc","UNKNOWN_REQUIRES_REVIEW","11128","0DBCA4FD64B696D7A6DB8B7EF8C59AE714568C1BE44B51CFC518492D5A20F357","False","2026-08-04T16:06:52.7994382Z"
"cache/quarantine_20260805_194707/reproducible_tool_caches/tests__unit____pycache__/test_stage7c_probes.cpython-312.pyc","UNKNOWN_REQUIRES_REVIEW","3207","76774B8E502D4D39A7992B36A2B9BA54ED16B1D9744D96F82248F252C5525B00","False","2026-08-04T16:06:48.0200819Z"
"cache/quarantine_20260805_194707/reproducible_tool_caches/tests__unit____pycache__/test_stage7d_comparison.cpython-312-pytest-9.1.1.pyc","UNKNOWN_REQUIRES_REVIEW","10255","C0BF9509A2F161822CAF8E58055CABCEE447DD756288971B0FC2F1A34C7FFC19","False","2026-08-04T17:20:09.1847559Z"
"cache/quarantine_20260805_194707/reproducible_tool_caches/tests__unit____pycache__/test_stage7d_comparison.cpython-312.pyc","UNKNOWN_REQUIRES_REVIEW","3551","FCBB576742632814A408F26DDB52FB4C9405BFB564E6A35C0F078FD3F06C24DC","False","2026-08-04T17:20:03.9000799Z"
"cache/quarantine_20260805_194707/reproducible_tool_caches/tests__unit____pycache__/test_stage7d_comparison.cpython-313.pyc","UNKNOWN_REQUIRES_REVIEW","3580","54407B66E160F6B20236438A783335CC412FF81C0F844458650C82E23A43F88F","False","2026-08-04T17:20:03.8360732Z"
"cache/quarantine_20260805_194707/reproducible_tool_caches/tests__unit____pycache__/test_stage7e_patch_tokens.cpython-312-pytest-9.1.1.pyc","UNKNOWN_REQUIRES_REVIEW","15222","8E43BB1546F962D305922F9929CFDEA5739D0CEEF7EDA00A55CD1CE82A9C5073","False","2026-08-04T20:16:11.0837955Z"
"cache/quarantine_20260805_194707/reproducible_tool_caches/tests__unit____pycache__/test_stage7e_patch_tokens.cpython-312.pyc","UNKNOWN_REQUIRES_REVIEW","4709","178342B16A0BD55B292CF116AB30C584C25B6DB95CB57A3219DEB42C2269A2B9","False","2026-08-04T20:16:06.2831308Z"
"cache/quarantine_20260805_194707/reproducible_tool_caches/tests__unit____pycache__/test_stage8a_chexmask.cpython-312-pytest-9.1.1.pyc","UNKNOWN_REQUIRES_REVIEW","5904","83E076D14C8F13FDB60ED0A83F74A85216C5EAAB44FBD4E3A62756B13CCF42C8","False","2026-08-04T20:42:34.2977945Z"
"cache/quarantine_20260805_194707/reproducible_tool_caches/tests__unit____pycache__/test_stage8b_unet.cpython-312-pytest-9.1.1.pyc","UNKNOWN_REQUIRES_REVIEW","13000","5A329CA20B3B474092EB9E70AC2CE89C49794845C13A913EAFF40AD33FBD818D","False","2026-08-04T20:56:23.7232004Z"
"cache/quarantine_20260805_194707/reproducible_tool_caches/tests__unit____pycache__/test_stage8b_unet.cpython-312.pyc","UNKNOWN_REQUIRES_REVIEW","3832","31DF734A8B22D6D95D83A7D5D7E2F84DF77B381633B5D36E50CA4D7F13A0C113","False","2026-08-04T20:56:19.0444828Z"
"cache/quarantine_20260805_194707/reproducible_tool_caches/tests__unit____pycache__/test_stage8c_coverage.cpython-312-pytest-9.1.1.pyc","UNKNOWN_REQUIRES_REVIEW","10704","D36DA61A4D9A8832921209C203BC895796D38760EA1EC7BC2242A95AB8EF411A","False","2026-08-05T09:02:09.1092470Z"
"cache/quarantine_20260805_194707/reproducible_tool_caches/tests__unit____pycache__/test_stage8c_coverage.cpython-312.pyc","UNKNOWN_REQUIRES_REVIEW","2863","6EAB6D406AA92F547DC7D438B22F0583F64AECC05D5A91DB4C8D71588AB7F8AF","False","2026-08-05T09:01:08.1643351Z"
"cache/quarantine_20260805_194707/reproducible_tool_caches/tests__unit____pycache__/test_stage8d_comparison.cpython-312-pytest-9.1.1.pyc","UNKNOWN_REQUIRES_REVIEW","9351","A567D42EB69624B725D068DB81654E5712E240390E5315AE652CA08001F2D3FF","False","2026-08-05T10:59:53.9581228Z"
"cache/quarantine_20260805_194707/reproducible_tool_caches/tests__unit____pycache__/test_stage8d_comparison.cpython-312.pyc","UNKNOWN_REQUIRES_REVIEW","3317","B40AADB7F41B8A81D5F65236C5C911E275A393BDA91878B2CAA76D872C63436F","False","2026-08-05T10:59:48.7306876Z"
"cache/quarantine_20260805_194707/reproducible_tool_caches/tests__unit____pycache__/test_stage8e_final_evaluation.cpython-312-pytest-9.1.1.pyc","UNKNOWN_REQUIRES_REVIEW","11530","1616E7AC54EAB5715399DD960117B15EDA0807F948D8265BCA247FE2FD311D30","False","2026-08-05T12:00:33.3550692Z"
"cache/quarantine_20260805_194707/reproducible_tool_caches/tests__unit____pycache__/test_stage8e_final_evaluation.cpython-312.pyc","UNKNOWN_REQUIRES_REVIEW","3936","EF695433E6CA30BB49070E100012B32E1349BE3515D86000F52187191212487C","False","2026-08-05T12:00:28.4581372Z"
"cache/quarantine_20260805_194707/reproducible_tool_caches/tests__unit____pycache__/test_stage9a_integration.cpython-312-pytest-9.1.1.pyc","UNKNOWN_REQUIRES_REVIEW","10616","B5BE286AC86A4D7370BF1162DF927DDCF1F25EF3B54BC87D55465AF9E1CCC991","False","2026-08-05T13:14:24.5313152Z"
"cache/quarantine_20260805_194707/reproducible_tool_caches/tests__unit____pycache__/test_stage9a_integration.cpython-312.pyc","UNKNOWN_REQUIRES_REVIEW","2195","2FA130468ACBF1506DC6C16D9D8AADF67905D5AE1A483EF21A4865FF476D803F","False","2026-08-05T13:14:19.5897563Z"
"cache/quarantine_20260805_194707/reproducible_tool_caches/tests__unit____pycache__/test_stage9b_ablation.cpython-312-pytest-9.1.1.pyc","UNKNOWN_REQUIRES_REVIEW","12590","5C1167F72DE9D3764E2626B648AEA6BDA15D1F30EB804CEBF3BAE2FABCEA1E3C","False","2026-08-05T15:28:58.3177319Z"
"cache/quarantine_20260805_194707/reproducible_tool_caches/tests__unit____pycache__/test_stage9b_ablation.cpython-312.pyc","UNKNOWN_REQUIRES_REVIEW","3588","FDFD6F2467470DC2821E50A3661BDF44422E487210E5627FCE6DC3130B08E543","False","2026-08-05T15:28:53.2808566Z"
"cache/quarantine_20260805_194707/reproducible_tool_caches/tests__unit____pycache__/test_structure_validation.cpython-312-pytest-9.1.1.pyc","UNKNOWN_REQUIRES_REVIEW","10626","8DB125A072FC614C30E3F2EB52FBA8875630BABDB6011788FD7D03E8F7A73A13","False","2026-08-03T11:48:45.1711291Z"
"cache/stage4/local_structure_details.json","UNKNOWN_REQUIRES_REVIEW","4041","1D80575F7F7C4D5FF2CECD1566F8D2B3CF458CC4EE5C7E739DEE66B5A4D41EE7","False","2026-08-03T11:49:26.2475831Z"
"cache/stage5_path_fix_backup_20260803_194608/dataset.py","UNKNOWN_REQUIRES_REVIEW","9055","4D04BE2C5DFB5C3A67921489FDE5499F1BBD141F28A62FBA840F0A6390EB6BAA","False","2026-08-03T16:31:28.6735337Z"
"cache/stage5_path_fix_backup_20260803_194608/test_stage5_quality_view.py","UNKNOWN_REQUIRES_REVIEW","1434","307A5B78F1EC70A9A0949A737FDB0E97DF8772E33960FBB572CC8A76147384B9","False","2026-08-03T16:31:28.6717782Z"
"cache/stage5_status_parser_backup_20260803_194606/stage5_resume_after_path_fix.py","UNKNOWN_REQUIRES_REVIEW","25502","F28BA79DB68C15B59107704F1740B386D41D45BE5285DE8A2AA1FB6B4397D223","False","2026-08-03T16:40:45.6560826Z"
"cache/stage6_build_backup_20260804_090731/files/.gitignore","UNKNOWN_REQUIRES_REVIEW","1360","2B91BA620C7ABED10784A64858C7C28E197A54536ACFE6C92320AC8C3E562ECD","False","2026-08-04T05:53:27.8162945Z"
"cache/stage6_build_backup_20260804_090731/files/src/trustcxr/classification/__init__.py","UNKNOWN_REQUIRES_REVIEW","0","E3B0C44298FC1C149AFBF4C8996FB92427AE41E4649B934CA495991B7852B855","False","2026-08-04T05:51:12.7923881Z"
"cache/stage6_build_backup_20260804_090731/old_artifacts_stage6/best_macro_auroc.pt","KEEP_LOCAL_REQUIRED","28471446","C0594967EC2612CFBBDCF671B5B03AA0AE76494861059E9D7629D340690DFA4B","False","2026-08-04T04:24:20.8186055Z"
"cache/stage6_build_backup_20260804_090731/old_artifacts_stage6/last_checkpoint.pt","KEEP_LOCAL_REQUIRED","113043891","DEFERRED_LARGE_FILE","False","2026-08-04T04:46:09.1796358Z"
"cache/stage6_cleanup_final_repair_backup_20260804_085327/gitignore_changes.patch","UNKNOWN_REQUIRES_REVIEW","0","E3B0C44298FC1C149AFBF4C8996FB92427AE41E4649B934CA495991B7852B855","False","2026-08-04T05:53:27.7680804Z"
"cache/stage6_cleanup_final_repair_backup_20260804_085327/repair_manifest.json","UNKNOWN_REQUIRES_REVIEW","444","F6A0C7544C41867A76337525E81DF1ECBA8859A8921F126DAE3F6AAFF06DFE46","False","2026-08-04T05:53:27.6888684Z"
"cache/stage6_cleanup_final_repair_backup_20260804_085327/files/.gitignore","UNKNOWN_REQUIRES_REVIEW","1476","DA812995D274DE52752D3B79119019948DB7288C5686A54F975A06563699644F","False","2026-08-04T05:51:12.7923881Z"
"cache/stage6_cleanup_final_repair_backup_20260804_085327/files/reports/stage6/local/nih_stage6_index.csv","UNKNOWN_REQUIRES_REVIEW","13163304","CC5B3A425045FEE75DA3EFF73224D923A9E2EA3DBE21CE8ACE5C2B7D6E3A78A7","False","2026-08-03T20:36:17.8554175Z"
"cache/stage6_cleanup_final_repair_backup_20260804_085327/files/reports/stage6/local/preflight.json","UNKNOWN_REQUIRES_REVIEW","2378","15DCF2140A113E74DBC6F6D6F23DA42384A24CFA5152D2811106CFBAA80DC3D9","False","2026-08-03T20:36:17.9808578Z"
"cache/stage6_cyclic_sampler_backup_20260803_224713/last_checkpoint.pt","KEEP_LOCAL_REQUIRED","74458315","F55C326C074A8D1ABF72ABE0643C32EA7599ECD48C72C54153654ACF987C674C","False","2026-08-03T19:35:55.2555505Z"
"cache/stage6_cyclic_sampler_backup_20260803_224713/stage6_nih_densenet121.json","UNKNOWN_REQUIRES_REVIEW","2394","A50FF226009D9B373680B3418B182CC78E09D77001F5BF6C060CEFA4717B42B2","False","2026-08-03T18:06:25.6152221Z"
"cache/stage6_cyclic_sampler_backup_20260803_224713/train.py","UNKNOWN_REQUIRES_REVIEW","34951","5FD063FCA05023D745411BCE4171E66F44BFE464EE04D4DBCD9A64EF16719B82","False","2026-08-03T18:46:36.2208903Z"
"cache/stage6_dependency_repair_backup_20260804_091147/git_status_before_repair.txt","UNKNOWN_REQUIRES_REVIEW","484","8B0E390B08E981AAAFC9C3CE9621F8BE492A86B9F5934BAFF59B8E53D799F9B4","False","2026-08-04T06:11:47.7389328Z"
"cache/stage6_dependency_repair_backup_20260804_091147/files/.gitignore","UNKNOWN_REQUIRES_REVIEW","1451","86B2827483867CC5A000186BF7F55B1F6F57AF97792A7C9014233D8015FE6BA9","False","2026-08-04T06:07:31.7752471Z"
"cache/stage6_dependency_repair_backup_20260804_091147/files/configs/training/stage6_nih_densenet121.json","UNKNOWN_REQUIRES_REVIEW","1307","FDEF98E7A958FF46C74948A624662FDEF67D31DA689B30ED53EA699A0D933E35","False","2026-08-04T06:07:31.7496558Z"
"cache/stage6_dependency_repair_backup_20260804_091147/files/docs/training/STAGE6_NIH_DENSENET121.md","UNKNOWN_REQUIRES_REVIEW","1338","9397020DD6FE5069CD863E3C1150802697B152657361E6CCC9C41F5D2D39DD86","False","2026-08-04T06:07:31.7496558Z"
"cache/stage6_dependency_repair_backup_20260804_091147/files/scripts/training/run_stage6.py","UNKNOWN_REQUIRES_REVIEW","589","C67363A1FA2AAC108BD564E4B45AC72F7C58BE8237DB3F5DA296DE8A88298EBD","False","2026-08-04T06:07:33.7253591Z"
"cache/stage6_dependency_repair_backup_20260804_091147/files/src/trustcxr/classification/dataset.py","UNKNOWN_REQUIRES_REVIEW","12530","520E28E87A8C3F79E3146B01B543C54885C615202B6A309868B4079EA7F9ACCB","False","2026-08-04T06:07:33.7253591Z"
"cache/stage6_dependency_repair_backup_20260804_091147/files/src/trustcxr/classification/metrics.py","UNKNOWN_REQUIRES_REVIEW","5050","5A2D791C1F203B2DF4DA3109106A4EB89602DDF49F26D074F2477303D58296FD","False","2026-08-04T06:07:33.7253591Z"
"cache/stage6_dependency_repair_backup_20260804_091147/files/src/trustcxr/classification/model.py","UNKNOWN_REQUIRES_REVIEW","3056","A1A519A93B34BEF0BA8BCFBCBA0C78071857F5E9CB0F569ED30946CA5579B16A","False","2026-08-04T06:07:31.7496558Z"
"cache/stage6_dependency_repair_backup_20260804_091147/files/src/trustcxr/classification/sampler.py","UNKNOWN_REQUIRES_REVIEW","1906","9B9A7224AA641D2E03BECFD1EE56DE957AA6167EB32A2383E2F593EE0D693D40","False","2026-08-04T06:07:31.7496558Z"
"cache/stage6_dependency_repair_backup_20260804_091147/files/src/trustcxr/classification/train.py","UNKNOWN_REQUIRES_REVIEW","25925","6E8659BFEE78AAA85BCDC82297F9F51A0D51F05BB56B6132CDF8D5F17A8BF9AD","False","2026-08-04T06:07:33.7253591Z"
"cache/stage6_dependency_repair_backup_20260804_091147/files/src/trustcxr/classification/__init__.py","UNKNOWN_REQUIRES_REVIEW","330","AC63B8E10E44B92E008B5CD4CB9AA94BDFC05914576860EBC8C12A8F9B92CA46","False","2026-08-04T06:07:31.7594270Z"
"cache/stage6_dependency_repair_backup_20260804_091147/files/tests/unit/test_stage6_cyclic_sampler.py","UNKNOWN_REQUIRES_REVIEW","931","BA5752ED087B442E119784CBA895FAF9FE3058A3946DBF16B5B46FA7852F9FBE","False","2026-08-04T06:07:31.7594270Z"
"cache/stage6_dependency_repair_backup_20260804_091147/files/tests/unit/test_stage6_multilabel.py","UNKNOWN_REQUIRES_REVIEW","1723","35DD7876E2EFD930802BA60C2DCC3FECE06C20B8EA7756F2E1C9EEAF1159DBDD","False","2026-08-04T06:07:33.7253591Z"
"cache/stage6_final_evaluation_backup_20260804_141547/repair_manifest.json","UNKNOWN_REQUIRES_REVIEW","830","400B8313AAEA0C898665F5812BB7AEA16EEB0B43EC450D078A06577BF64D48A7","False","2026-08-04T11:15:47.9019684Z"
"cache/stage6_final_evaluation_backup_20260804_141547/files/configs/training/stage6_nih_densenet121.json","UNKNOWN_REQUIRES_REVIEW","1306","19A170623DA4F3CA3AC4BE498652977DC22C6ACEA55959C2CF4C933F7A2300DC","False","2026-08-04T06:30:08.1963729Z"
"cache/stage6_final_evaluation_backup_20260804_141547/files/reports/stage6/stage6_history.csv","UNKNOWN_REQUIRES_REVIEW","19901","860486EDD5920EBFC79407FDE681FF3EBC7E6BEFB7712CD2A0E71F8B02D708F7","False","2026-08-04T09:37:43.5664735Z"
"cache/stage6_final_evaluation_backup_20260804_141547/files/src/trustcxr/classification/train.py","UNKNOWN_REQUIRES_REVIEW","25925","6E8659BFEE78AAA85BCDC82297F9F51A0D51F05BB56B6132CDF8D5F17A8BF9AD","False","2026-08-04T06:07:33.7253591Z"
"cache/stage6_full_finetune_oom_backup_20260804_093008/repair_manifest.json","UNKNOWN_REQUIRES_REVIEW","808","706A84F8373F1732B96D04381D3550676B032795B425669319DC86F8FF95B653","False","2026-08-04T06:30:08.1963729Z"
"cache/stage6_full_finetune_oom_backup_20260804_093008/files/configs/training/stage6_nih_densenet121.json","UNKNOWN_REQUIRES_REVIEW","1307","FDEF98E7A958FF46C74948A624662FDEF67D31DA689B30ED53EA699A0D933E35","False","2026-08-04T06:07:31.7496558Z"
"cache/stage6_full_finetune_oom_backup_20260804_093008/files/reports/stage6/stage6_history.csv","UNKNOWN_REQUIRES_REVIEW","749","74BC9DD7F356BF2184EEC15210A3D92415AED1409F71F510057355BBCDC3F985","False","2026-08-04T06:19:07.7428589Z"
"cache/stage6_full_finetune_oom_backup_20260804_093008/files/src/trustcxr/classification/train.py","UNKNOWN_REQUIRES_REVIEW","25925","6E8659BFEE78AAA85BCDC82297F9F51A0D51F05BB56B6132CDF8D5F17A8BF9AD","False","2026-08-04T06:07:33.7253591Z"
"cache/stage6_optimizer_fix_backup_20260803_214635/model.py","UNKNOWN_REQUIRES_REVIEW","5006","B92C265060F257D1EAE86C9626673163C8DA14E240931727552C3FAAA249F8EB","False","2026-08-03T18:06:27.5919680Z"
"cache/stage6_optimizer_fix_backup_20260803_214635/test_stage6_multilabel.py","UNKNOWN_REQUIRES_REVIEW","3959","28760E9D3B8EF050CF31C18AFA619B7173D4A4E2FB1DE4796C0DB5FE2B6AEEB2","False","2026-08-03T18:06:27.5919680Z"
"cache/stage6_optimizer_fix_backup_20260803_214635/train.py","UNKNOWN_REQUIRES_REVIEW","34495","062A367B0A1DD7E003F679C7F9D0FE80C6015FB8F66223BE8CD33828190819AA","False","2026-08-03T18:06:27.5970935Z"
"cache/stage6_previous_attempt_backup_20260804_085112/cleanup_manifest.json","UNKNOWN_REQUIRES_REVIEW","1551","BC4074DDCDDFA79B66D7379783D902109E4398BD619033EE1B9D0DF9283FCE18","False","2026-08-04T05:51:12.6672297Z"
"cache/stage6_previous_attempt_backup_20260804_085112/tracked_changes.patch","UNKNOWN_REQUIRES_REVIEW","703","F389530E3640F2F5A7E840DC08DE3B1EEAC69645028D22C5E4A73C42ABD19277","False","2026-08-04T05:51:12.7130534Z"
"cache/stage6_previous_attempt_backup_20260804_085112/files/.gitignore","UNKNOWN_REQUIRES_REVIEW","1416","BA92BF957C49632CEBB742DF558B2EEDE1355856CD82E99C2A3C9935C4125585","False","2026-08-03T18:06:25.6383544Z"
"cache/stage6_previous_attempt_backup_20260804_085112/files/configs/training/stage6_nih_densenet121.json","UNKNOWN_REQUIRES_REVIEW","3024","A64D8E971B1577CD6BDB671BFD6D97485111887C8400178226B8B0FB9D138BF0","False","2026-08-03T19:47:13.5824358Z"
"cache/stage6_previous_attempt_backup_20260804_085112/files/docs/training/STAGE6_NIH_DENSENET121.md","UNKNOWN_REQUIRES_REVIEW","1726","3ED225115409D8D24A8694B88BC439CCA4AC7310215F8A6F968874BAF14A5383","False","2026-08-03T18:06:25.6152221Z"
"cache/stage6_previous_attempt_backup_20260804_085112/files/reports/stage6/STAGE6A_PREFLIGHT_REPORT.md","UNKNOWN_REQUIRES_REVIEW","1428","7D173E082AA7BDFF85379D1336159DC320FB37574FA20DA5E1738B91815799CF","False","2026-08-04T05:44:32.4065772Z"
"cache/stage6_previous_attempt_backup_20260804_085112/files/reports/stage6/stage6a_preflight_summary.json","UNKNOWN_REQUIRES_REVIEW","6723","72F9B6A6E9CF37870C8F9A0B1B2E018F5184AA2F4CE48CF52FF8EAB2BE5F8870","False","2026-08-04T05:44:32.3906479Z"
"cache/stage6_previous_attempt_backup_20260804_085112/files/scripts/training/run_stage6.py","UNKNOWN_REQUIRES_REVIEW","140","F87600B2AE75E8E62CC6B151479094F5DBBC9849269C34FD612A2AD602C4229F","False","2026-08-03T18:06:27.4799985Z"
"cache/stage6_previous_attempt_backup_20260804_085112/files/src/trustcxr/classification/dataset.py","UNKNOWN_REQUIRES_REVIEW","13426","31DE56FF53D220170CD7A8E45EABD9CB1874B39236ED54C125FD68A3760BC775","False","2026-08-03T18:06:27.5919680Z"
"cache/stage6_previous_attempt_backup_20260804_085112/files/src/trustcxr/classification/metrics.py","UNKNOWN_REQUIRES_REVIEW","6064","63D6B1EE755E25A334F41C9579F6C00EEC3C285F344AE27EE0941C8F527640B0","False","2026-08-03T18:06:27.5919680Z"
"cache/stage6_previous_attempt_backup_20260804_085112/files/src/trustcxr/classification/model.py","UNKNOWN_REQUIRES_REVIEW","5030","B519877F762A17616EEAC19F2F63397F578829D53772EB61BF01EBF04C46BCE6","False","2026-08-03T18:46:36.2208903Z"
"cache/stage6_previous_attempt_backup_20260804_085112/files/src/trustcxr/classification/sampler.py","UNKNOWN_REQUIRES_REVIEW","5649","C12963A07FE798A3EFE1EF5842C801081E776B7A2AD2B1330144C60C56EDC8CA","False","2026-08-03T20:26:56.7343779Z"
"cache/stage6_previous_attempt_backup_20260804_085112/files/src/trustcxr/classification/train.py","UNKNOWN_REQUIRES_REVIEW","37417","CE7139191561878AF30A74FD9AA72F1EEEACE25F7B80EAD1E2D585C2B92E4039","False","2026-08-03T20:35:42.1606763Z"
"cache/stage6_previous_attempt_backup_20260804_085112/files/src/trustcxr/classification/__init__.py","UNKNOWN_REQUIRES_REVIEW","211","23F3ED561B741A466CD70E44FB8F676706F0C8D0F8CA8A41140A4243C48C973E","False","2026-08-03T18:06:25.6230797Z"
"cache/stage6_previous_attempt_backup_20260804_085112/files/tests/unit/test_stage6_cyclic_sampler.py","UNKNOWN_REQUIRES_REVIEW","2635","FD7652F336031B89030FD5152AE4562B238DAED09719C1C570B37E1A1D667E8A","False","2026-08-03T20:26:56.7343779Z"
"cache/stage6_previous_attempt_backup_20260804_085112/files/tests/unit/test_stage6_multilabel.py","UNKNOWN_REQUIRES_REVIEW","5133","C5A9ADADE6478E1C9B6FA939D37071D3AA16CC56637CBB303D54473E076780FB","False","2026-08-03T18:46:36.2208903Z"
"cache/stage6_rng_fix_backup_20260803_233541/last_checkpoint.pt","KEEP_LOCAL_REQUIRED","74458315","F55C326C074A8D1ABF72ABE0643C32EA7599ECD48C72C54153654ACF987C674C","False","2026-08-03T19:35:55.2555505Z"
"cache/stage6_rng_fix_backup_20260803_233541/test_stage6_multilabel.py","UNKNOWN_REQUIRES_REVIEW","5133","C5A9ADADE6478E1C9B6FA939D37071D3AA16CC56637CBB303D54473E076780FB","False","2026-08-03T18:46:36.2208903Z"
"cache/stage6_rng_fix_backup_20260803_233541/train.py","UNKNOWN_REQUIRES_REVIEW","36662","65CE3F07A35C0689AB64C886F8F7A4765E0620258EA3A200314FD87FCBB8CAD0","False","2026-08-03T20:26:56.7343779Z"
"cache/stage6_robust_cyclic_patch_backup_20260803_232656/last_checkpoint.pt","KEEP_LOCAL_REQUIRED","74458315","F55C326C074A8D1ABF72ABE0643C32EA7599ECD48C72C54153654ACF987C674C","False","2026-08-03T19:35:55.2555505Z"
"cache/stage6_robust_cyclic_patch_backup_20260803_232656/sampler.py","UNKNOWN_REQUIRES_REVIEW","6037","44E5BDC8FF53F10B469D5CE5741B32E175D9CF26200E700CDCD16348918AD7E0","False","2026-08-03T19:47:13.5784534Z"
"cache/stage6_robust_cyclic_patch_backup_20260803_232656/stage6_nih_densenet121.json","UNKNOWN_REQUIRES_REVIEW","3024","A64D8E971B1577CD6BDB671BFD6D97485111887C8400178226B8B0FB9D138BF0","False","2026-08-03T19:47:13.5824358Z"
"cache/stage6_robust_cyclic_patch_backup_20260803_232656/test_stage6_cyclic_sampler.py","UNKNOWN_REQUIRES_REVIEW","2820","384658439FEFAA52957A41917EBC65250B69518F7AD7F3FD54C5D36CF0CC4C03","False","2026-08-03T19:47:13.5794378Z"
"cache/stage6_robust_cyclic_patch_backup_20260803_232656/train.py","UNKNOWN_REQUIRES_REVIEW","34951","5FD063FCA05023D745411BCE4171E66F44BFE464EE04D4DBCD9A64EF16719B82","False","2026-08-03T18:46:36.2208903Z"
"cache/stage7a_rad_dino_preflight/STAGE7A_PREFLIGHT_REPORT.md","UNKNOWN_REQUIRES_REVIEW","1139","ABCB0B8DB8CC4B6940BA1F6C7CA36302768E026BC240857FFC6C73186AA42113","False","2026-08-04T12:51:19.7087651Z"
"cache/stage7a_rad_dino_preflight/stage7a_preflight_summary.json","UNKNOWN_REQUIRES_REVIEW","17801","5683A699E01CBADDA9FE1BB23A630147FEC86F4CD48DEB5F1DD51F79830F35E8","False","2026-08-04T12:51:19.7087651Z"
"cache/stage7b_build_backup_20260804_164131/backup_manifest.json","UNKNOWN_REQUIRES_REVIEW","131","E4C5E4127EF8096FA27D4AD31BD7E09654251C6BE0494C69D6EF7F7A310FF76B","False","2026-08-04T13:41:31.9749659Z"
"cache/stage7b_build_backup_20260804_164131/files/.gitignore","UNKNOWN_REQUIRES_REVIEW","1451","86B2827483867CC5A000186BF7F55B1F6F57AF97792A7C9014233D8015FE6BA9","False","2026-08-04T06:07:31.7752471Z"
"cache/stage7b_build_backup_20260804_164801/backup_manifest.json","UNKNOWN_REQUIRES_REVIEW","452","9DABADD7003FF0539F73EA4C9A3268D35CBBE3737F48DA4CBC29FA524F3A605D","False","2026-08-04T13:48:01.1920965Z"
"cache/stage7b_build_backup_20260804_164801/files/.gitignore","UNKNOWN_REQUIRES_REVIEW","1542","A88212C1A1E23E7BFEC9FDD8584938D5ED0F2E057FABE5BB0ED43F756C492F55","False","2026-08-04T13:41:31.9749659Z"
"cache/stage7b_build_backup_20260804_164801/files/configs/features/stage7b_rad_dino_cls.json","UNKNOWN_REQUIRES_REVIEW","734","F0A987A44D72FF57DEA39BFD3948EAFB6F05408BCF62B25282B1FB0792C97C00","False","2026-08-04T13:41:31.9749659Z"
"cache/stage7b_build_backup_20260804_164801/files/docs/features/STAGE7B_RAD_DINO_CLS.md","UNKNOWN_REQUIRES_REVIEW","2075","28CAE7633653A8EEA19E8989D635329197437DC3C958130353DC93804384DB7B","False","2026-08-04T13:41:31.9749659Z"
"cache/stage7b_build_backup_20260804_164801/files/scripts/features/run_stage7b.py","UNKNOWN_REQUIRES_REVIEW","890","6557D04ED234B741D802F12696C4FF11ECA17929AEFF01FD225E2243F2B51093","False","2026-08-04T13:41:31.9749659Z"
"cache/stage7b_build_backup_20260804_164801/files/src/trustcxr/features/rad_dino.py","UNKNOWN_REQUIRES_REVIEW","34143","E9304755C56E66C9C9BAD797F4DDABC6AE906ECEA42B8FF373BDEC3995B8E1AD","False","2026-08-04T13:41:32.1827885Z"
"cache/stage7b_build_backup_20260804_164801/files/src/trustcxr/features/__init__.py","UNKNOWN_REQUIRES_REVIEW","306","C49DF6893C16D047C8FA394DFA7D17C2792D112074FE708DDCAD82828C2A05E5","False","2026-08-04T13:41:31.9749659Z"
"cache/stage7b_build_backup_20260804_164801/files/tests/unit/test_stage7b_rad_dino.py","UNKNOWN_REQUIRES_REVIEW","2275","E36CAB79A896AA28E4011A459DDD15F98E538E0978B8EDBC4CCBCAC31B656DF8","False","2026-08-04T13:41:31.9749659Z"
"cache/stage7c_build_backup_20260804_190647/backup_manifest.json","UNKNOWN_REQUIRES_REVIEW","121","E3BA41A528765975BB6AB4D3CF29D899E37EEB40A99945963366C9924135888A","False","2026-08-04T16:06:47.9085308Z"
"cache/stage7c_build_backup_20260804_190647/files/requirements/lock-stage7.txt","UNKNOWN_REQUIRES_REVIEW","858","9CC95F1C0D2976F7DA35013E774A774F098D2742160ABD0C98C30C90E4C22165","False","2026-08-04T15:41:36.2517794Z"
"cache/stage7d_build_backup_20260804_202003/backup_manifest.json","UNKNOWN_REQUIRES_REVIEW","122","4CBB31897AA3B14BB6EE029A9A7068F01450B1481AC79F12638F1C2AC8D6C5DE","False","2026-08-04T17:20:03.8201106Z"
"cache/stage7d_build_backup_20260804_202003/files/requirements/lock-stage7.txt","UNKNOWN_REQUIRES_REVIEW","858","6D9169A91EF9E6F78EDEE236FDC2D34F4770F6BB37D4B9A73CEEDCCA80D1A69C","False","2026-08-04T16:07:45.5498386Z"
"cache/stage7d_build_backup_20260804_210955/backup_manifest.json","UNKNOWN_REQUIRES_REVIEW","438","707E69536EAED679A043C6B0C57EBCDBD2FEAFE2A9E8831497C6EEF666A50531","False","2026-08-04T18:09:55.4394532Z"
"cache/stage7d_build_backup_20260804_210955/stage7d_repair.json","UNKNOWN_REQUIRES_REVIEW","164","FD92E2D269AFDD97AFE89AA514D57F5144AFEF7B18060834B9952D65FCDD6DDA","False","2026-08-04T18:09:55.4497677Z"
"cache/stage7d_build_backup_20260804_210955/files/configs/evaluation/stage7d_model_comparison.json","UNKNOWN_REQUIRES_REVIEW","1649","1CE9C1EDB79675F1D03CEB3884305AB4345720267DA073A5EBC091F38ACECE7E","False","2026-08-04T17:20:03.8291098Z"
"cache/stage7d_build_backup_20260804_210955/files/docs/evaluation/STAGE7D_MODEL_COMPARISON.md","UNKNOWN_REQUIRES_REVIEW","1425","5CC05E223BC46679A80ED4089B44D6B56034DA7533367DB73FB267534BA1747F","False","2026-08-04T17:20:03.8291098Z"
"cache/stage7d_build_backup_20260804_210955/files/requirements/lock-stage7.txt","UNKNOWN_REQUIRES_REVIEW","858","6D9169A91EF9E6F78EDEE236FDC2D34F4770F6BB37D4B9A73CEEDCCA80D1A69C","False","2026-08-04T16:07:45.5498386Z"
"cache/stage7d_build_backup_20260804_210955/files/scripts/evaluation/run_stage7d.py","UNKNOWN_REQUIRES_REVIEW","660","E5DD8090731FEDF3C4D241ED664503499019D80F8A9F0D02E5CAA678157A1205","False","2026-08-04T17:20:04.1223221Z"
"cache/stage7d_build_backup_20260804_210955/files/src/trustcxr/comparison/stage7d.py","UNKNOWN_REQUIRES_REVIEW","52383","85BA26FE94232724B2F2FDEF7D77BBC5E5935EC88A8215491172D70E4DA34200","False","2026-08-04T17:20:04.1223221Z"
"cache/stage7d_build_backup_20260804_210955/files/src/trustcxr/comparison/__init__.py","UNKNOWN_REQUIRES_REVIEW","61","97993865435A04C6FCAF9583F14433F2D05F80AF2250322AC68C4D3C7C3849ED","False","2026-08-04T17:20:03.8291098Z"
"cache/stage7d_build_backup_20260804_210955/files/tests/unit/test_stage7d_comparison.py","UNKNOWN_REQUIRES_REVIEW","2560","6D74E6978B1ED256ABC1210B88E609860996BF36AC2C4D78845A6FF1E38B98C3","False","2026-08-04T17:20:04.1223221Z"
"cache/stage7d_build_backup_20260804_210955/local_artifacts/densenet_test_predictions.json","UNKNOWN_REQUIRES_REVIEW","568","040960F5D0D49963CBF948EBCF0B422FB0C64A2A9A67BE05C2B98CF97D853224","False","2026-08-04T17:28:45.2518336Z"
"cache/stage7d_build_backup_20260804_210955/local_artifacts/densenet_test_predictions.safetensors","UNKNOWN_REQUIRES_REVIEW","1996808","B5313D5BB28ACDDA569E33E16F0D66451727A898B40F0D526DFA765BC826D9F1","False","2026-08-04T17:28:45.1886770Z"
"cache/stage7d_build_backup_20260804_211703/backup_manifest.json","UNKNOWN_REQUIRES_REVIEW","438","3195596A3613E7032117177AD5A73B8EE5D851930239E646E554D62860179CE2","False","2026-08-04T18:17:03.6010866Z"
"cache/stage7d_build_backup_20260804_211703/stage7d_repair.json","UNKNOWN_REQUIRES_REVIEW","164","303DD044AFDAD2D991DED25F25CD58447CA2D51CDA6C97B5C81007ABE47A8B48","False","2026-08-04T18:17:03.6169414Z"
"cache/stage7d_build_backup_20260804_211703/files/configs/evaluation/stage7d_model_comparison.json","UNKNOWN_REQUIRES_REVIEW","1801","903F99CFE05DABE14E02E82B52555A2B85866B1FB39A56227A08530ADFDDCBA2","False","2026-08-04T18:17:01.1110323Z"
"cache/stage7d_build_backup_20260804_211703/files/docs/evaluation/STAGE7D_MODEL_COMPARISON.md","UNKNOWN_REQUIRES_REVIEW","1425","5CC05E223BC46679A80ED4089B44D6B56034DA7533367DB73FB267534BA1747F","False","2026-08-04T17:20:03.8291098Z"
"cache/stage7d_build_backup_20260804_211703/files/requirements/lock-stage7.txt","UNKNOWN_REQUIRES_REVIEW","858","6D9169A91EF9E6F78EDEE236FDC2D34F4770F6BB37D4B9A73CEEDCCA80D1A69C","False","2026-08-04T16:07:45.5498386Z"
"cache/stage7d_build_backup_20260804_211703/files/scripts/evaluation/run_stage7d.py","UNKNOWN_REQUIRES_REVIEW","660","E5DD8090731FEDF3C4D241ED664503499019D80F8A9F0D02E5CAA678157A1205","False","2026-08-04T17:20:04.1223221Z"
"cache/stage7d_build_backup_20260804_211703/files/src/trustcxr/comparison/stage7d.py","UNKNOWN_REQUIRES_REVIEW","53053","742BF001A9EEF90F70BAA6FD5A13209C619D347B2EFF08B2A3215AA4BD2E997A","False","2026-08-04T18:17:01.1110323Z"
"cache/stage7d_build_backup_20260804_211703/files/src/trustcxr/comparison/__init__.py","UNKNOWN_REQUIRES_REVIEW","61","97993865435A04C6FCAF9583F14433F2D05F80AF2250322AC68C4D3C7C3849ED","False","2026-08-04T17:20:03.8291098Z"
"cache/stage7d_build_backup_20260804_211703/files/tests/unit/test_stage7d_comparison.py","UNKNOWN_REQUIRES_REVIEW","2560","6D74E6978B1ED256ABC1210B88E609860996BF36AC2C4D78845A6FF1E38B98C3","False","2026-08-04T17:20:04.1223221Z"
"cache/stage7d_build_backup_20260804_225838/backup_manifest.json","UNKNOWN_REQUIRES_REVIEW","438","68CF537AB98F201714DC07CA6CFB1E948C6D311681F7FFA537FD54699461B1D7","False","2026-08-04T19:58:38.1323898Z"
"cache/stage7d_build_backup_20260804_225838/files/configs/evaluation/stage7d_model_comparison.json","UNKNOWN_REQUIRES_REVIEW","1801","903F99CFE05DABE14E02E82B52555A2B85866B1FB39A56227A08530ADFDDCBA2","False","2026-08-04T18:17:03.6169414Z"
"cache/stage7d_build_backup_20260804_225838/files/docs/evaluation/STAGE7D_MODEL_COMPARISON.md","UNKNOWN_REQUIRES_REVIEW","1425","5CC05E223BC46679A80ED4089B44D6B56034DA7533367DB73FB267534BA1747F","False","2026-08-04T17:20:03.8291098Z"
"cache/stage7d_build_backup_20260804_225838/files/requirements/lock-stage7.txt","UNKNOWN_REQUIRES_REVIEW","858","6D9169A91EF9E6F78EDEE236FDC2D34F4770F6BB37D4B9A73CEEDCCA80D1A69C","False","2026-08-04T16:07:45.5498386Z"
"cache/stage7d_build_backup_20260804_225838/files/scripts/evaluation/run_stage7d.py","UNKNOWN_REQUIRES_REVIEW","660","E5DD8090731FEDF3C4D241ED664503499019D80F8A9F0D02E5CAA678157A1205","False","2026-08-04T17:20:04.1223221Z"
"cache/stage7d_build_backup_20260804_225838/files/src/trustcxr/comparison/stage7d.py","UNKNOWN_REQUIRES_REVIEW","52981","0CEAA08B0E44D7EFF228EAEF8749CD5DEA9D8F58CB5A499764DC8967710E8D3D","False","2026-08-04T18:17:05.5773108Z"
"cache/stage7d_build_backup_20260804_225838/files/src/trustcxr/comparison/__init__.py","UNKNOWN_REQUIRES_REVIEW","61","97993865435A04C6FCAF9583F14433F2D05F80AF2250322AC68C4D3C7C3849ED","False","2026-08-04T17:20:03.8291098Z"
"cache/stage7d_build_backup_20260804_225838/files/tests/unit/test_stage7d_comparison.py","UNKNOWN_REQUIRES_REVIEW","2560","6D74E6978B1ED256ABC1210B88E609860996BF36AC2C4D78845A6FF1E38B98C3","False","2026-08-04T17:20:04.1223221Z"
"cache/stage7d_build_backup_20260804_225838/final_reproducibility_repair/repair_manifest.json","UNKNOWN_REQUIRES_REVIEW","246","D2601FD965AB132A6992FA82451B697FF8E4111316C70E49BFBAC6109EE8D0EB","False","2026-08-04T19:58:38.1481443Z"
"cache/stage7d_build_backup_20260804_225838/final_reproducibility_repair/artifacts/stage7/comparison/densenet_test_predictions.json","UNKNOWN_REQUIRES_REVIEW","710","5D90F0480286ADD39D49FF270AEE4E9A9710CCA90651B0045DF343CAB69B774D","False","2026-08-04T18:31:48.4370967Z"
"cache/stage7d_build_backup_20260804_225838/final_reproducibility_repair/artifacts/stage7/comparison/densenet_test_predictions.safetensors","UNKNOWN_REQUIRES_REVIEW","1996808","2FBBBEFBDD7DCC41E3938C5BAE916CD2901CD8AC3E41D78DCAD70E321123A895","False","2026-08-04T18:31:48.3884151Z"
"cache/stage7d_build_backup_20260804_225838/final_reproducibility_repair/configs/evaluation/stage7d_model_comparison.json","UNKNOWN_REQUIRES_REVIEW","1801","903F99CFE05DABE14E02E82B52555A2B85866B1FB39A56227A08530ADFDDCBA2","False","2026-08-04T18:17:03.6169414Z"
"cache/stage7d_build_backup_20260804_225838/final_reproducibility_repair/src/trustcxr/comparison/stage7d.py","UNKNOWN_REQUIRES_REVIEW","52981","0CEAA08B0E44D7EFF228EAEF8749CD5DEA9D8F58CB5A499764DC8967710E8D3D","False","2026-08-04T18:17:05.5773108Z"
"cache/stage7d_final_completion_backup_20260804_230253/manifest.json","UNKNOWN_REQUIRES_REVIEW","456","71BB93823F5F5CE69B4AE1D5AA027FE6984AAA4CAC5735A08F9243727AD12E33","False","2026-08-04T20:02:53.5951861Z"
"cache/stage7d_final_completion_backup_20260804_230253/files/configs/evaluation/stage7d_model_comparison.json","UNKNOWN_REQUIRES_REVIEW","1801","903F99CFE05DABE14E02E82B52555A2B85866B1FB39A56227A08530ADFDDCBA2","False","2026-08-04T18:17:03.6169414Z"
"cache/stage7d_final_completion_backup_20260804_230253/files/reports/stage6/stage6_summary.json","UNKNOWN_REQUIRES_REVIEW","13727","34669DF451EE3DF4CB74CFA3F8B21035718C333272A5221B8497830C53A21D36","False","2026-08-04T11:36:05.4661373Z"
"cache/stage7d_final_completion_backup_20260804_230253/files/src/trustcxr/comparison/stage7d.py","UNKNOWN_REQUIRES_REVIEW","52981","0CEAA08B0E44D7EFF228EAEF8749CD5DEA9D8F58CB5A499764DC8967710E8D3D","False","2026-08-04T18:17:05.5773108Z"
"cache/stage7d_terminal_repair_backup_20260804_211701/files/artifacts/stage7/comparison/densenet_test_predictions.json","UNKNOWN_REQUIRES_REVIEW","568","040960F5D0D49963CBF948EBCF0B422FB0C64A2A9A67BE05C2B98CF97D853224","False","2026-08-04T17:28:45.2518336Z"
"cache/stage7d_terminal_repair_backup_20260804_211701/files/artifacts/stage7/comparison/densenet_test_predictions.safetensors","UNKNOWN_REQUIRES_REVIEW","1996808","B5313D5BB28ACDDA569E33E16F0D66451727A898B40F0D526DFA765BC826D9F1","False","2026-08-04T17:28:45.1886770Z"
"cache/stage7d_terminal_repair_backup_20260804_211701/files/configs/evaluation/stage7d_model_comparison.json","UNKNOWN_REQUIRES_REVIEW","1801","903F99CFE05DABE14E02E82B52555A2B85866B1FB39A56227A08530ADFDDCBA2","False","2026-08-04T18:09:55.4610168Z"
"cache/stage7d_terminal_repair_backup_20260804_211701/files/configs/training/stage6_nih_densenet121.json","UNKNOWN_REQUIRES_REVIEW","1306","6351E285DEA74FE4A78FEA6289CAB05CDF27E3665E2317C661061FB1A1FF7025","False","2026-08-04T11:15:49.8623465Z"
"cache/stage7d_terminal_repair_backup_20260804_211701/files/src/trustcxr/comparison/stage7d.py","UNKNOWN_REQUIRES_REVIEW","52383","85BA26FE94232724B2F2FDEF7D77BBC5E5935EC88A8215491172D70E4DA34200","False","2026-08-04T17:20:04.1223221Z"
"cache/stage7e_build_backup_20260804_231606/backup_manifest.json","UNKNOWN_REQUIRES_REVIEW","134","3FA696785A9639232F23F8B85D4615B99E0DB59403380983516A812B4187ED43","False","2026-08-04T20:16:06.1881906Z"
"cache/stage7e_build_backup_20260804_231606/files/requirements/lock-stage7.txt","UNKNOWN_REQUIRES_REVIEW","749","36B412F4F9A44AAA8CF41D37DC0C8F52A14748C02F6B5758C4CC471A01EC22AA","False","2026-08-04T20:03:36.3805681Z"
"cache/stage8a_crd_adapter_repair/STAGE8A_CRD_ADAPTER_REPORT.md","UNKNOWN_REQUIRES_REVIEW","864","55538008E9DC13F8F801572AE4DD6F1961D332648CB15A44A249C000CE3B482D","False","2026-08-04T20:30:43.0783616Z"
"cache/stage8a_crd_adapter_repair/stage8a_crd_adapter_summary.json","UNKNOWN_REQUIRES_REVIEW","5286","A1EA701327A954610471EBEE31C7321BF0981E8ED143B8FCA2E475E46CD081E1","False","2026-08-04T20:30:43.0783616Z"
"cache/stage8a_crd_adapter_repair/stage8a_crd_pairs.csv","UNKNOWN_REQUIRES_REVIEW","77","DF7021490A28CEE20E06AF52C0F214E8034BA78619BBC3B0F7200B95CDF853B6","False","2026-08-04T20:30:43.0783616Z"
"cache/stage8a_final_backup_20260804_234053/files/src/trustcxr/segmentation/__init__.py","UNKNOWN_REQUIRES_REVIEW","0","E3B0C44298FC1C149AFBF4C8996FB92427AE41E4649B934CA495991B7852B855","False","2026-08-03T10:44:09.5121939Z"
"cache/stage8a_segmentation_layout_inspection/LAYOUT_INSPECTION_REPORT.txt","UNKNOWN_REQUIRES_REVIEW","28169","851958DF57BDD3F6BFD17E03D202EF9DD148549BB25C85CAE11F325E9D3B0050","False","2026-08-04T20:26:56.0588781Z"
"cache/stage8a_segmentation_layout_inspection/layout_summary.json","UNKNOWN_REQUIRES_REVIEW","32311","1BF53E4BF7EA3D50E67CF379186AA38457659CF1781300F7DF17AC09CE13D8EF","False","2026-08-04T20:26:56.0588781Z"
"cache/stage8a_segmentation_preflight/stage8a_pair_sample.csv","UNKNOWN_REQUIRES_REVIEW","78","6D2596EA120583209CB4F5C6B581CE342BFCEA7AB6EEC207B6BAB4E7E74356F7","False","2026-08-04T20:22:41.9439938Z"
"cache/stage8a_segmentation_preflight/stage8a_preflight_summary.json","UNKNOWN_REQUIRES_REVIEW","8123","F85C5D1CA062359FE79B6A8C99877068CAA523811A949ADA2DE79B82903B3F9C","False","2026-08-04T20:22:41.9439938Z"
"cache/stage8a_segmentation_preflight/STAGE8A_SEGMENTATION_PREFLIGHT_REPORT.md","UNKNOWN_REQUIRES_REVIEW","1147","8C9942B4E592331E8CA14D805F667E0FEDAA81B562F006989185F641890938DA","False","2026-08-04T20:22:41.9439938Z"
"cache/stage8b_build_backup_20260804_235347/files/.gitignore","UNKNOWN_REQUIRES_REVIEW","1542","A88212C1A1E23E7BFEC9FDD8584938D5ED0F2E057FABE5BB0ED43F756C492F55","False","2026-08-04T13:41:31.9749659Z"
"cache/stage8b_build_backup_20260804_235347/files/configs/training/stage8b_chexmask_unet_resnet34.json","UNKNOWN_REQUIRES_REVIEW","1524","219154CE702E5268E525CAA240F1685AD6734A58C7F1202BE6787B5B01D2501C","False","2026-08-04T20:42:29.4066268Z"
"cache/stage8b_build_backup_20260804_235347/files/src/trustcxr/segmentation/__init__.py","UNKNOWN_REQUIRES_REVIEW","336","F027BAD537EB142C43F0A36030A2386485204B9F62E26728029007C2432E7705","False","2026-08-04T20:42:29.4066268Z"
"cache/stage8b_build_backup_20260804_235618/files/.gitignore","UNKNOWN_REQUIRES_REVIEW","1634","F0815CCCA0A78201ADDA68895C7F98E55FA39D4B239C47F6C227181DFA62CC56","False","2026-08-04T20:53:47.4851572Z"
"cache/stage8b_build_backup_20260804_235618/files/configs/training/stage8b_chexmask_unet_resnet34.json","UNKNOWN_REQUIRES_REVIEW","3172","57671BEF521753AC9EE3491B295518ED0FEC0AC51E512D2F1739A8060ED3BE6E","False","2026-08-04T20:53:47.4732688Z"
"cache/stage8b_build_backup_20260804_235618/files/docs/training/STAGE8B_CHEXMASK_UNET.md","UNKNOWN_REQUIRES_REVIEW","781","32E621B21301138912D280B1F62747F4262FA8C4996E8A236F01A69F70371851","False","2026-08-04T20:53:47.4732688Z"
"cache/stage8b_build_backup_20260804_235618/files/scripts/training/run_stage8b.py","UNKNOWN_REQUIRES_REVIEW","412","A186183F79349B6E8917D3527FE2526687B63AB03310219FAE93ECCFF0F3F6AC","False","2026-08-04T20:53:47.4732688Z"
"cache/stage8b_build_backup_20260804_235618/files/src/trustcxr/segmentation/stage8b_unet.py","UNKNOWN_REQUIRES_REVIEW","55642","014F3A1CC06D74544871F6E6F1D0EE28A3B4806FCC3FE4BD50A7C25BC691D132","False","2026-08-04T20:53:47.7912187Z"
"cache/stage8b_build_backup_20260804_235618/files/src/trustcxr/segmentation/__init__.py","UNKNOWN_REQUIRES_REVIEW","806","D434ACBAADE92FB9F79B934B6AC295E9553D70CA8DCFB4830888C3CEE1CE9253","False","2026-08-04T20:53:47.4732688Z"
"cache/stage8b_build_backup_20260804_235618/files/tests/unit/test_stage8b_unet.py","UNKNOWN_REQUIRES_REVIEW","1950","DBA2E30AAA005611EAD776A015F9CDB674EE08263E3E4ECD2CDDEBA54AE4AD62","False","2026-08-04T20:56:10.8524370Z"
"cache/stage8c_build_backup_20260805_120108/files/.gitignore","UNKNOWN_REQUIRES_REVIEW","1634","F0815CCCA0A78201ADDA68895C7F98E55FA39D4B239C47F6C227181DFA62CC56","False","2026-08-04T20:56:18.9809357Z"
"cache/stage8c_build_backup_20260805_120108/files/requirements/lock-stage8.txt","UNKNOWN_REQUIRES_REVIEW","858","00B8261EC6CE744917D9BF7A1D3E6BC0A7AE6C3961F0E11511215B1FFBE823AE","False","2026-08-05T01:30:47.1121540Z"
"cache/stage8d_build_backup_20260805_135948/files/.gitignore","UNKNOWN_REQUIRES_REVIEW","1734","2A07B2D6CDCFA5E037F400BB6736D283E56D83B58793CB0FCB35DC68637F4310","False","2026-08-05T09:01:08.0848831Z"
"cache/stage8d_build_backup_20260805_135948/files/requirements/lock-stage8.txt","UNKNOWN_REQUIRES_REVIEW","749","1CF19C26CF7615475CFD1FC25FEA8EFBAEC3D9569237C3C448E62DC6C399B7B0","False","2026-08-05T10:36:14.9814429Z"
"cache/stage8e_build_backup_20260805_150028/files/.gitignore","UNKNOWN_REQUIRES_REVIEW","1823","6EEEFE5982180C726C31BB4942B5C2154F8E7208BAA0A9B51E1CA236D0531776","False","2026-08-05T10:59:48.6353749Z"
"cache/stage8e_build_backup_20260805_150028/files/requirements/lock-stage8.txt","UNKNOWN_REQUIRES_REVIEW","858","4C9D92CDFA051AFA7FC084CA4C369D726E14FE404DA60FCC810C64CEE0BEA49C","False","2026-08-05T11:16:31.3357010Z"
"cache/stage9a_build_backup_20260805_161419/files/.gitignore","UNKNOWN_REQUIRES_REVIEW","1962","A7EF6CAFD227FD3793A1AED7091B7FE681AA81717367B558E25444B3AFD3BBEC","False","2026-08-05T12:00:28.3629635Z"
"cache/stage9b_backup_20260805_171235/.gitignore","UNKNOWN_REQUIRES_REVIEW","2054","AEB42020B5F758686A16DEB44B3DBD34A9E78184A4C02993C2FEDFBD0981A5E4","False","2026-08-05T13:14:19.5153766Z"
"cache/stage9b_backup_20260805_182853/.gitignore","UNKNOWN_REQUIRES_REVIEW","2054","AEB42020B5F758686A16DEB44B3DBD34A9E78184A4C02993C2FEDFBD0981A5E4","False","2026-08-05T15:28:50.3339777Z"
"cache/stage9b_full_protocol_repair_20260805_182406/builder_hash_before_repair.txt","UNKNOWN_REQUIRES_REVIEW","177","F0BD9F456B9206558547DEF320C4F3EA8C07E630966DA85083BC0BBCA3B66163","False","2026-08-05T15:24:19.5456658Z"
"cache/stage9b_full_protocol_repair_20260805_182406/stage9b_build_train_commit_before_repair.py","UNKNOWN_REQUIRES_REVIEW","59891","31DF5834C63346C48E0C8F189D2DEE67DEF5730314B426738F9639F4AAF7DCD5","False","2026-08-05T14:12:33.2170057Z"
"cache/stage9b_full_protocol_repair_20260805_182406/generated_files_before_repair/.gitignore","UNKNOWN_REQUIRES_REVIEW","2141","9295D892299A00066640993D72C7E6E05802690028A1B117A2814FE4C6CC8E46","False","2026-08-05T14:12:35.6699304Z"
"cache/stage9b_full_protocol_repair_20260805_182406/generated_files_before_repair/configs/training/stage9b_segmentation_guided_ablation.json","UNKNOWN_REQUIRES_REVIEW","2525","F84288741F4D7CE004034D0FD3F711D5B89B747ECEB7C3F0507C5E0261C94135","False","2026-08-05T14:12:35.6521565Z"
"cache/stage9b_full_protocol_repair_20260805_182406/generated_files_before_repair/docs/integration/STAGE9B_SEGMENTATION_GUIDED_ABLATION.md","UNKNOWN_REQUIRES_REVIEW","819","37D0C282A5D8D08BCB5F737F4DA96174CFF691124602801969A163F0DC578D7E","False","2026-08-05T14:12:35.6699304Z"
"cache/stage9b_full_protocol_repair_20260805_182406/generated_files_before_repair/scripts/training/run_stage9b.py","UNKNOWN_REQUIRES_REVIEW","497","E8A652D8271A3BABA57E184AE6DA1F54289A42060387C1B01762E16A28329B35","False","2026-08-05T14:12:35.6680186Z"
"cache/stage9b_full_protocol_repair_20260805_182406/generated_files_before_repair/src/trustcxr/integration/stage9b_ablation.py","UNKNOWN_REQUIRES_REVIEW","37821","94F48A59E2BED832D22DAD684BB1B7C668137A659B252E20836F53E1C2215BA6","False","2026-08-05T14:12:36.0210515Z"
"cache/stage9b_full_protocol_repair_20260805_182406/generated_files_before_repair/tests/unit/test_stage9b_ablation.py","UNKNOWN_REQUIRES_REVIEW","2062","90101D4130379DBAD1E656108625AE47D3405C63F5EEDD02F2CD7D1E507C2659","False","2026-08-05T14:12:35.6699304Z"
"cache/stage9b_full_protocol_repair_20260805_182406/old_protocol_artifacts/original/best_checkpoint.pt","KEEP_LOCAL_REQUIRED","28484857","8D1456DB8BB87C6EC7F4BEE327463C2E950CE3E63D84B8B09C6A3F10FE18704E","False","2026-08-05T14:51:45.7216152Z"
"cache/stage9b_full_protocol_repair_20260805_182406/old_protocol_artifacts/original/last_checkpoint.pt","KEEP_LOCAL_REQUIRED","84548676","AA8A6CC9F7DA3E089BCE56819BAEED00EB2FAFA8277C3554FC475A7E905B5E9D","False","2026-08-05T14:51:46.4898903Z"
"cache/stage9b_gitignore_protocol_continuation_20260805_182835/builder_hash_before_repair.txt","UNKNOWN_REQUIRES_REVIEW","177","F0BD9F456B9206558547DEF320C4F3EA8C07E630966DA85083BC0BBCA3B66163","False","2026-08-05T15:28:50.1604943Z"
"cache/stage9b_gitignore_protocol_continuation_20260805_182835/gitignore_before_exact_restore.txt","UNKNOWN_REQUIRES_REVIEW","2201","53601D27FE7D1BD5E587A78D653CDB3026DD2F9FFF975FBDC261FBEF59D6ECCF","False","2026-08-05T15:24:19.5992716Z"
"cache/stage9b_gitignore_protocol_continuation_20260805_182835/git_status_before_restore.txt","UNKNOWN_REQUIRES_REVIEW","18","DC801CC0E2B47EE3B7118080A55C5E12669E7173831501F9A3301788A1BCA288","False","2026-08-05T15:28:50.0976502Z"
"cache/stage9b_gitignore_protocol_continuation_20260805_182835/patch_stage9b_builder.py","UNKNOWN_REQUIRES_REVIEW","7140","55AA02FC1FA237D09A6823FBB779C7DC9106BD7BF6B3F4A0D52011126A527A9B","False","2026-08-05T15:28:50.6777678Z"
"cache/stage9b_gitignore_protocol_continuation_20260805_182835/restore_gitignore_from_head.py","UNKNOWN_REQUIRES_REVIEW","1915","117B3C639AE67840E48CD8F7168DC5D0B898116CA4487208AD4415C735C27152","False","2026-08-05T15:28:50.1604943Z"
"cache/stage9b_gitignore_protocol_continuation_20260805_182835/stage9b_builder_before_continuation.py","UNKNOWN_REQUIRES_REVIEW","59891","31DF5834C63346C48E0C8F189D2DEE67DEF5730314B426738F9639F4AAF7DCD5","False","2026-08-05T14:12:33.2170057Z"
"cache/stage9b_pre_optimized_interrupted_20260805_200149/archive_manifest.csv","UNKNOWN_REQUIRES_REVIEW","835","3B58D0B5E9CBF7304B4771998293A41DE77512A54F9779CBA8099C9B7105DB13","False","2026-08-05T17:01:49.8033938Z"
"cache/stage9b_pre_optimized_interrupted_20260805_200149/original/best_checkpoint.pt","KEEP_LOCAL_REQUIRED","28484857","871C145D8EF9B372E2022A5E0A4E865E65191AFD4F4FCB1ACB3688C6ED1CC670","False","2026-08-05T15:54:24.1668028Z"
"cache/stage9b_pre_optimized_interrupted_20260805_200149/original/last_checkpoint.pt","KEEP_LOCAL_REQUIRED","84548804","4A4B130B304334B9C7F624D68CC1D364CDBECE28316F8B10ECB96788D4873CE0","False","2026-08-05T15:54:25.0272117Z"
"cache/temp/pytest-of-maher/pytest-18/test_archive_only_dataset_requ0/sample/dataset.zip","UNKNOWN_REQUIRES_REVIEW","18","D77CC12D5AA4D92F8AF6AB7D0A57E8DFAFCFC72C6DEFA151C3D00DBF39CF5C80","False","2026-08-04T06:13:37.3832759Z"
"cache/temp/pytest-of-maher/pytest-18/test_audit_detects_image_and_z0/sample/empty.csv","UNKNOWN_REQUIRES_REVIEW","0","E3B0C44298FC1C149AFBF4C8996FB92427AE41E4649B934CA495991B7852B855","False","2026-08-04T06:13:36.7821478Z"
"cache/temp/pytest-of-maher/pytest-18/test_audit_detects_image_and_z0/sample/valid.png","UNKNOWN_REQUIRES_REVIEW","71","565BB6AE9B189DC8D7F8BD6C85BE23F65373594D8DF0C495F45D1F6301867062","False","2026-08-04T06:13:36.7811354Z"
"cache/temp/pytest-of-maher/pytest-18/test_build_dataset_manifest_cr0/data/dataset/a.png","UNKNOWN_REQUIRES_REVIEW","69","F701C76AC7FB684490C5C2FC887C4414EE56D4A071F9AB2418AB5B3FA7C4F3EF","False","2026-08-04T06:13:36.7479846Z"
"cache/temp/pytest-of-maher/pytest-18/test_build_dataset_manifest_cr0/data/dataset/metadata.csv","UNKNOWN_REQUIRES_REVIEW","61","3D94A5EC87FD52DDFFA2F92B082665D05432A1A56B75DDCCF5B094981E7ACFD1","False","2026-08-04T06:13:36.7489945Z"
"cache/temp/pytest-of-maher/pytest-18/test_build_dataset_manifest_cr0/local/issues/nih_chestxray14.jsonl","UNKNOWN_REQUIRES_REVIEW","0","E3B0C44298FC1C149AFBF4C8996FB92427AE41E4649B934CA495991B7852B855","False","2026-08-04T06:13:36.7567100Z"
"cache/temp/pytest-of-maher/pytest-18/test_build_dataset_manifest_cr0/local/manifests/nih_chestxray14.jsonl","UNKNOWN_REQUIRES_REVIEW","543","9794D86377BEC5B571B46B6AF96CBF5237B2B70B4DA124AE1DAB0E0F8E2DF5E8","False","2026-08-04T06:13:36.7567100Z"
"cache/temp/pytest-of-maher/pytest-18/test_build_metadata_index_aggr0/metadata.csv","UNKNOWN_REQUIRES_REVIEW","63","DB4A174C65CD589AA21511B3C2D4801BEE2F018D08132FFA461DA87C373FFC57","False","2026-08-04T06:13:36.7367278Z"
"cache/temp/pytest-of-maher/pytest-18/test_detect_container_format_u0/sample.bin","UNKNOWN_REQUIRES_REVIEW","12","75CE9714174EFC9BC43BA24B2E1148F9CCF37511A3961AF13076F8952B817010","False","2026-08-04T06:13:36.8149700Z"
"cache/temp/pytest-of-maher/pytest-18/test_detect_container_format_u0/sample.csv","UNKNOWN_REQUIRES_REVIEW","15","19B028857B05DC35AF22BC261A13524A6E4990344D5D6E0EE4CE3158FD5D0C3F","False","2026-08-04T06:13:36.8139586Z"
"cache/temp/pytest-of-maher/pytest-18/test_discover_dataset_files_se0/dataset/images/a.png","UNKNOWN_REQUIRES_REVIEW","69","F701C76AC7FB684490C5C2FC887C4414EE56D4A071F9AB2418AB5B3FA7C4F3EF","False","2026-08-04T06:13:36.7316695Z"
"cache/temp/pytest-of-maher/pytest-18/test_discover_dataset_files_se0/dataset/masks/a_mask.png","UNKNOWN_REQUIRES_REVIEW","69","F701C76AC7FB684490C5C2FC887C4414EE56D4A071F9AB2418AB5B3FA7C4F3EF","False","2026-08-04T06:13:36.7326785Z"
"cache/temp/pytest-of-maher/pytest-18/test_load_catalog_rejects_dupl0/catalog.json","UNKNOWN_REQUIRES_REVIEW","321","E3C19EECB9D4696929FC1118C94A75131DF0782322AE75B6F99DB74B2B5CA93B","False","2026-08-04T06:13:36.7706079Z"
"cache/temp/pytest-of-maher/pytest-18/test_nested_chexpert_path_reso0/TrustCXR-Data/07_CheXpert_Small/download/CheXpert-v1.0-small/train/patient00001/study1/view1_frontal.jpg","UNKNOWN_REQUIRES_REVIEW","342","360F4CB022BD5FCF70D9BA3490EC723D4E2752E30FD247512A4D367ADCE63101","False","2026-08-04T06:13:37.0635300Z"
"cache/temp/pytest-of-maher/pytest-18/test_paired_dataset_is_withhel0/data/sample/images/case_1.png","UNKNOWN_REQUIRES_REVIEW","69","F701C76AC7FB684490C5C2FC887C4414EE56D4A071F9AB2418AB5B3FA7C4F3EF","False","2026-08-04T06:13:36.8530882Z"
"cache/temp/pytest-of-maher/pytest-18/test_paired_dataset_is_withhel0/data/sample/masks/case_1_mask.png","UNKNOWN_REQUIRES_REVIEW","69","F701C76AC7FB684490C5C2FC887C4414EE56D4A071F9AB2418AB5B3FA7C4F3EF","False","2026-08-04T06:13:36.8551051Z"
"cache/temp/pytest-of-maher/pytest-18/test_paired_dataset_is_withhel0/local/sample.jsonl","UNKNOWN_REQUIRES_REVIEW","261","D6FD2A2F7DCE2D49B98F2F101D97138CFDEC526A9207BCD2EAE2F553A52AC41E","False","2026-08-04T06:13:36.8561121Z"
"cache/temp/pytest-of-maher/pytest-18/test_ready_dataset_detects_met0/sample/labels.csv","UNKNOWN_REQUIRES_REVIEW","64","2B2B638A4A81759F2BA4A32FEA1352E9AE16085B40E287656083C74119A84622","False","2026-08-04T06:13:37.3712035Z"
"cache/temp/pytest-of-maher/pytest-18/test_ready_dataset_detects_met0/sample/images/image_001.png","UNKNOWN_REQUIRES_REVIEW","71","565BB6AE9B189DC8D7F8BD6C85BE23F65373594D8DF0C495F45D1F6301867062","False","2026-08-04T06:13:37.3687923Z"
"cache/temp/pytest-of-maher/pytest-18/test_write_jsonl_writes_one_re0/records.jsonl","UNKNOWN_REQUIRES_REVIEW","20","781FF5F85C89826B0126E003BE6B6F78477DFFCB4A2CF0B4E2A5ED9D78BB84CF","False","2026-08-04T06:13:36.8181065Z"
"cache/temp/pytest-of-maher/pytest-19/test_archive_only_dataset_requ0/sample/dataset.zip","UNKNOWN_REQUIRES_REVIEW","18","D77CC12D5AA4D92F8AF6AB7D0A57E8DFAFCFC72C6DEFA151C3D00DBF39CF5C80","False","2026-08-04T06:20:39.9359133Z"
"cache/temp/pytest-of-maher/pytest-19/test_audit_detects_image_and_z0/sample/empty.csv","UNKNOWN_REQUIRES_REVIEW","0","E3B0C44298FC1C149AFBF4C8996FB92427AE41E4649B934CA495991B7852B855","False","2026-08-04T06:20:39.3006624Z"
"cache/temp/pytest-of-maher/pytest-19/test_audit_detects_image_and_z0/sample/valid.png","UNKNOWN_REQUIRES_REVIEW","71","565BB6AE9B189DC8D7F8BD6C85BE23F65373594D8DF0C495F45D1F6301867062","False","2026-08-04T06:20:39.3006624Z"
"cache/temp/pytest-of-maher/pytest-19/test_build_dataset_manifest_cr0/data/dataset/a.png","UNKNOWN_REQUIRES_REVIEW","69","F701C76AC7FB684490C5C2FC887C4414EE56D4A071F9AB2418AB5B3FA7C4F3EF","False","2026-08-04T06:20:39.2874266Z"
"cache/temp/pytest-of-maher/pytest-19/test_build_dataset_manifest_cr0/data/dataset/metadata.csv","UNKNOWN_REQUIRES_REVIEW","61","3D94A5EC87FD52DDFFA2F92B082665D05432A1A56B75DDCCF5B094981E7ACFD1","False","2026-08-04T06:20:39.2884369Z"
"cache/temp/pytest-of-maher/pytest-19/test_build_dataset_manifest_cr0/local/issues/nih_chestxray14.jsonl","UNKNOWN_REQUIRES_REVIEW","0","E3B0C44298FC1C149AFBF4C8996FB92427AE41E4649B934CA495991B7852B855","False","2026-08-04T06:20:39.2914656Z"
"cache/temp/pytest-of-maher/pytest-19/test_build_dataset_manifest_cr0/local/manifests/nih_chestxray14.jsonl","UNKNOWN_REQUIRES_REVIEW","543","9794D86377BEC5B571B46B6AF96CBF5237B2B70B4DA124AE1DAB0E0F8E2DF5E8","False","2026-08-04T06:20:39.2914656Z"
"cache/temp/pytest-of-maher/pytest-19/test_build_metadata_index_aggr0/metadata.csv","UNKNOWN_REQUIRES_REVIEW","63","DB4A174C65CD589AA21511B3C2D4801BEE2F018D08132FFA461DA87C373FFC57","False","2026-08-04T06:20:39.2812885Z"
"cache/temp/pytest-of-maher/pytest-19/test_detect_container_format_u0/sample.bin","UNKNOWN_REQUIRES_REVIEW","12","75CE9714174EFC9BC43BA24B2E1148F9CCF37511A3961AF13076F8952B817010","False","2026-08-04T06:20:39.3280362Z"
"cache/temp/pytest-of-maher/pytest-19/test_detect_container_format_u0/sample.csv","UNKNOWN_REQUIRES_REVIEW","15","19B028857B05DC35AF22BC261A13524A6E4990344D5D6E0EE4CE3158FD5D0C3F","False","2026-08-04T06:20:39.3280362Z"
"cache/temp/pytest-of-maher/pytest-19/test_discover_dataset_files_se0/dataset/images/a.png","UNKNOWN_REQUIRES_REVIEW","69","F701C76AC7FB684490C5C2FC887C4414EE56D4A071F9AB2418AB5B3FA7C4F3EF","False","2026-08-04T06:20:39.2761822Z"
"cache/temp/pytest-of-maher/pytest-19/test_discover_dataset_files_se0/dataset/masks/a_mask.png","UNKNOWN_REQUIRES_REVIEW","69","F701C76AC7FB684490C5C2FC887C4414EE56D4A071F9AB2418AB5B3FA7C4F3EF","False","2026-08-04T06:20:39.2771922Z"
"cache/temp/pytest-of-maher/pytest-19/test_load_catalog_rejects_dupl0/catalog.json","UNKNOWN_REQUIRES_REVIEW","321","E3C19EECB9D4696929FC1118C94A75131DF0782322AE75B6F99DB74B2B5CA93B","False","2026-08-04T06:20:39.2962853Z"
"cache/temp/pytest-of-maher/pytest-19/test_nested_chexpert_path_reso0/TrustCXR-Data/07_CheXpert_Small/download/CheXpert-v1.0-small/train/patient00001/study1/view1_frontal.jpg","UNKNOWN_REQUIRES_REVIEW","342","360F4CB022BD5FCF70D9BA3490EC723D4E2752E30FD247512A4D367ADCE63101","False","2026-08-04T06:20:39.5954763Z"
"cache/temp/pytest-of-maher/pytest-19/test_paired_dataset_is_withhel0/data/sample/images/case_1.png","UNKNOWN_REQUIRES_REVIEW","69","F701C76AC7FB684490C5C2FC887C4414EE56D4A071F9AB2418AB5B3FA7C4F3EF","False","2026-08-04T06:20:39.3369671Z"
"cache/temp/pytest-of-maher/pytest-19/test_paired_dataset_is_withhel0/data/sample/masks/case_1_mask.png","UNKNOWN_REQUIRES_REVIEW","69","F701C76AC7FB684490C5C2FC887C4414EE56D4A071F9AB2418AB5B3FA7C4F3EF","False","2026-08-04T06:20:39.3430346Z"
"cache/temp/pytest-of-maher/pytest-19/test_paired_dataset_is_withhel0/local/sample.jsonl","UNKNOWN_REQUIRES_REVIEW","261","D6FD2A2F7DCE2D49B98F2F101D97138CFDEC526A9207BCD2EAE2F553A52AC41E","False","2026-08-04T06:20:39.3452536Z"
"cache/temp/pytest-of-maher/pytest-19/test_ready_dataset_detects_met0/sample/labels.csv","UNKNOWN_REQUIRES_REVIEW","64","2B2B638A4A81759F2BA4A32FEA1352E9AE16085B40E287656083C74119A84622","False","2026-08-04T06:20:39.9297563Z"
"cache/temp/pytest-of-maher/pytest-19/test_ready_dataset_detects_met0/sample/images/image_001.png","UNKNOWN_REQUIRES_REVIEW","71","565BB6AE9B189DC8D7F8BD6C85BE23F65373594D8DF0C495F45D1F6301867062","False","2026-08-04T06:20:39.9297563Z"
"cache/temp/pytest-of-maher/pytest-19/test_write_jsonl_writes_one_re0/records.jsonl","UNKNOWN_REQUIRES_REVIEW","20","781FF5F85C89826B0126E003BE6B6F78477DFFCB4A2CF0B4E2A5ED9D78BB84CF","False","2026-08-04T06:20:39.3280362Z"
"cache/temp/pytest-of-maher/pytest-20/test_archive_only_dataset_requ0/sample/dataset.zip","UNKNOWN_REQUIRES_REVIEW","18","D77CC12D5AA4D92F8AF6AB7D0A57E8DFAFCFC72C6DEFA151C3D00DBF39CF5C80","False","2026-08-04T06:30:14.7641980Z"
"cache/temp/pytest-of-maher/pytest-20/test_audit_detects_image_and_z0/sample/empty.csv","UNKNOWN_REQUIRES_REVIEW","0","E3B0C44298FC1C149AFBF4C8996FB92427AE41E4649B934CA495991B7852B855","False","2026-08-04T06:30:14.2032098Z"
"cache/temp/pytest-of-maher/pytest-20/test_audit_detects_image_and_z0/sample/valid.png","UNKNOWN_REQUIRES_REVIEW","71","565BB6AE9B189DC8D7F8BD6C85BE23F65373594D8DF0C495F45D1F6301867062","False","2026-08-04T06:30:14.2032098Z"
"cache/temp/pytest-of-maher/pytest-20/test_build_dataset_manifest_cr0/data/dataset/a.png","UNKNOWN_REQUIRES_REVIEW","69","F701C76AC7FB684490C5C2FC887C4414EE56D4A071F9AB2418AB5B3FA7C4F3EF","False","2026-08-04T06:30:14.1874319Z"
"cache/temp/pytest-of-maher/pytest-20/test_build_dataset_manifest_cr0/data/dataset/metadata.csv","UNKNOWN_REQUIRES_REVIEW","61","3D94A5EC87FD52DDFFA2F92B082665D05432A1A56B75DDCCF5B094981E7ACFD1","False","2026-08-04T06:30:14.1874319Z"
"cache/temp/pytest-of-maher/pytest-20/test_build_dataset_manifest_cr0/local/issues/nih_chestxray14.jsonl","UNKNOWN_REQUIRES_REVIEW","0","E3B0C44298FC1C149AFBF4C8996FB92427AE41E4649B934CA495991B7852B855","False","2026-08-04T06:30:14.1874319Z"
"cache/temp/pytest-of-maher/pytest-20/test_build_dataset_manifest_cr0/local/manifests/nih_chestxray14.jsonl","UNKNOWN_REQUIRES_REVIEW","543","9794D86377BEC5B571B46B6AF96CBF5237B2B70B4DA124AE1DAB0E0F8E2DF5E8","False","2026-08-04T06:30:14.1874319Z"
"cache/temp/pytest-of-maher/pytest-20/test_build_metadata_index_aggr0/metadata.csv","UNKNOWN_REQUIRES_REVIEW","63","DB4A174C65CD589AA21511B3C2D4801BEE2F018D08132FFA461DA87C373FFC57","False","2026-08-04T06:30:14.1716849Z"
"cache/temp/pytest-of-maher/pytest-20/test_detect_container_format_u0/sample.bin","UNKNOWN_REQUIRES_REVIEW","12","75CE9714174EFC9BC43BA24B2E1148F9CCF37511A3961AF13076F8952B817010","False","2026-08-04T06:30:14.2346630Z"
"cache/temp/pytest-of-maher/pytest-20/test_detect_container_format_u0/sample.csv","UNKNOWN_REQUIRES_REVIEW","15","19B028857B05DC35AF22BC261A13524A6E4990344D5D6E0EE4CE3158FD5D0C3F","False","2026-08-04T06:30:14.2346630Z"
"cache/temp/pytest-of-maher/pytest-20/test_discover_dataset_files_se0/dataset/images/a.png","UNKNOWN_REQUIRES_REVIEW","69","F701C76AC7FB684490C5C2FC887C4414EE56D4A071F9AB2418AB5B3FA7C4F3EF","False","2026-08-04T06:30:14.1716849Z"
"cache/temp/pytest-of-maher/pytest-20/test_discover_dataset_files_se0/dataset/masks/a_mask.png","UNKNOWN_REQUIRES_REVIEW","69","F701C76AC7FB684490C5C2FC887C4414EE56D4A071F9AB2418AB5B3FA7C4F3EF","False","2026-08-04T06:30:14.1716849Z"
"cache/temp/pytest-of-maher/pytest-20/test_load_catalog_rejects_dupl0/catalog.json","UNKNOWN_REQUIRES_REVIEW","321","E3C19EECB9D4696929FC1118C94A75131DF0782322AE75B6F99DB74B2B5CA93B","False","2026-08-04T06:30:14.1874319Z"
"cache/temp/pytest-of-maher/pytest-20/test_nested_chexpert_path_reso0/TrustCXR-Data/07_CheXpert_Small/download/CheXpert-v1.0-small/train/patient00001/study1/view1_frontal.jpg","UNKNOWN_REQUIRES_REVIEW","342","360F4CB022BD5FCF70D9BA3490EC723D4E2752E30FD247512A4D367ADCE63101","False","2026-08-04T06:30:14.4403624Z"
"cache/temp/pytest-of-maher/pytest-20/test_paired_dataset_is_withhel0/data/sample/images/case_1.png","UNKNOWN_REQUIRES_REVIEW","69","F701C76AC7FB684490C5C2FC887C4414EE56D4A071F9AB2418AB5B3FA7C4F3EF","False","2026-08-04T06:30:14.2503895Z"
"cache/temp/pytest-of-maher/pytest-20/test_paired_dataset_is_withhel0/data/sample/masks/case_1_mask.png","UNKNOWN_REQUIRES_REVIEW","69","F701C76AC7FB684490C5C2FC887C4414EE56D4A071F9AB2418AB5B3FA7C4F3EF","False","2026-08-04T06:30:14.2503895Z"
"cache/temp/pytest-of-maher/pytest-20/test_paired_dataset_is_withhel0/local/sample.jsonl","UNKNOWN_REQUIRES_REVIEW","261","D6FD2A2F7DCE2D49B98F2F101D97138CFDEC526A9207BCD2EAE2F553A52AC41E","False","2026-08-04T06:30:14.2503895Z"
"cache/temp/pytest-of-maher/pytest-20/test_ready_dataset_detects_met0/sample/labels.csv","UNKNOWN_REQUIRES_REVIEW","64","2B2B638A4A81759F2BA4A32FEA1352E9AE16085B40E287656083C74119A84622","False","2026-08-04T06:30:14.7564483Z"
"cache/temp/pytest-of-maher/pytest-20/test_ready_dataset_detects_met0/sample/images/image_001.png","UNKNOWN_REQUIRES_REVIEW","71","565BB6AE9B189DC8D7F8BD6C85BE23F65373594D8DF0C495F45D1F6301867062","False","2026-08-04T06:30:14.7544461Z"
"cache/temp/pytest-of-maher/pytest-20/test_write_jsonl_writes_one_re0/records.jsonl","UNKNOWN_REQUIRES_REVIEW","20","781FF5F85C89826B0126E003BE6B6F78477DFFCB4A2CF0B4E2A5ED9D78BB84CF","False","2026-08-04T06:30:14.2346630Z"
"cache/torch/hub/checkpoints/densenet121-a639ec97.pth","KEEP_LOCAL_REQUIRED","32342954","A639EC97D7C33B07AE66F0B5FB7D0192F95A3B11B7576C66C0126C2A727C4395","False","2026-08-03T18:07:58.9882088Z"
"cache/torch/hub/checkpoints/efficientnet_b0_rwightman-7f5810bc.pth","KEEP_LOCAL_REQUIRED","21444401","7F5810BC96DEF8F7552D5B7E68D53C4786F81167D28291B21C0D90E1FCA14934","False","2026-08-03T16:48:17.0947372Z"
"cache/__pycache__/stage4_4_final_readiness_gate.cpython-312.pyc","UNKNOWN_REQUIRES_REVIEW","33256","EAF70BAB7440982ABC20DFB28F047B75A91F0AED32EEE7B6D22EBA3A84B42F9C","False","2026-08-03T14:35:23.3582536Z"
"cache/__pycache__/stage5_resume_after_path_fix.cpython-312.pyc","UNKNOWN_REQUIRES_REVIEW","28250","9AF6C8A36B7E787353B4FA24F3A4B3DA17B29CC841FAC0DB220F3B62B99EADEF","False","2026-08-03T16:46:06.2631172Z"
"cache/__pycache__/stage6a_nih_preflight.cpython-312.pyc","UNKNOWN_REQUIRES_REVIEW","45384","634D4FE4DCE248D8D0B3D7A387961D534DCA31201A8651E657FCB6C278224E22","False","2026-08-04T05:42:54.5381555Z"
"cache/__pycache__/stage7b_build_extract_commit.cpython-312.pyc","UNKNOWN_REQUIRES_REVIEW","38585","776A585259497403BD841CDFDA65173EFD0D189D1249AAF2CC6D2C2A97D8A046","False","2026-08-04T13:47:58.9697371Z"
"cache/__pycache__/stage7d_build_compare_commit.cpython-312.pyc","UNKNOWN_REQUIRES_REVIEW","86636","6B9B68EA086FFAE26AEB810A3387B9BDA83877EB9383E802BB822A4F75C0679E","False","2026-08-04T18:09:51.6151372Z"
"cache/__pycache__/stage7d_final_ast_completion.cpython-312.pyc","UNKNOWN_REQUIRES_REVIEW","17820","11AD2BC97E2B518DCF4492D523DA2864C6BEFD9F9BB85D32B0D61704D3D86D94","False","2026-08-04T20:02:51.3342486Z"
"cache/__pycache__/stage7d_final_reproducibility_audit_and_complete.cpython-312.pyc","UNKNOWN_REQUIRES_REVIEW","15106","B956FB6D555E9200C45F6FBBF670CDA50A7B3B37D256FAA7096BB4F5FAD153C1","False","2026-08-04T19:58:34.7993688Z"
"cache/__pycache__/stage7d_fix_metric_reproduction_and_resume.cpython-312.pyc","UNKNOWN_REQUIRES_REVIEW","15971","2A0AFC4718D8B9CE353601406C141E2A002F96ADE49C9D63AA5D509D867A896F","False","2026-08-04T18:09:41.9274127Z"
"cache/__pycache__/stage7d_terminal_metric_patch.cpython-312.pyc","UNKNOWN_REQUIRES_REVIEW","12441","1E0C7C4BDC35A49BC4B4FC06050C678C1FCD0DA51545A5A9B8E630B949F192EC","False","2026-08-04T18:17:00.9477634Z"
"cache/__pycache__/stage7e_build_audit_commit.cpython-312.pyc","UNKNOWN_REQUIRES_REVIEW","37430","31357ECD2EE6C9106CD571D9F64D6998D337AD6A3FFE6C4FEC80B079C8D3ACF8","False","2026-08-04T20:16:01.8673634Z"
"cache/__pycache__/stage8a_crd_adapter_repair.cpython-312.pyc","UNKNOWN_REQUIRES_REVIEW","32574","D179309DC6D72B370D5AD49B01AF35BE6F3418B244322BD2DA2DD0CB339383F5","False","2026-08-04T20:30:28.6875721Z"
"cache/__pycache__/stage8a_final_chexmask_adapter_build_commit.cpython-312.pyc","UNKNOWN_REQUIRES_REVIEW","49256","5C33A1FA7404FE356319061896805C2262D3EB870C15842DFFD177F78E3DC416","False","2026-08-04T20:40:50.8904629Z"
"cache/__pycache__/stage8a_inspect_segmentation_layout.cpython-312.pyc","UNKNOWN_REQUIRES_REVIEW","22955","7B015A4F5C889823B2FC8ACF6572DA3FABAACC4B9E68D56805B055BE73D83A8B","False","2026-08-04T20:25:42.9847743Z"
"cache/__pycache__/stage8a_segmentation_readiness_preflight.cpython-312.pyc","UNKNOWN_REQUIRES_REVIEW","45871","29B3E2E836AC0190D6B21D1AEE7237B11B0CCB71B7EBE126C32B67181FCBD74A","False","2026-08-04T20:22:19.3682772Z"
"cache/__pycache__/stage8b_build_train_commit.cpython-312.pyc","UNKNOWN_REQUIRES_REVIEW","66835","55DE4CF1C852E8DED458B8123E39FCA0F6154A6E75C87B5C0A060C886A3912C8","False","2026-08-04T20:56:10.9395456Z"
"cache/__pycache__/stage8c_build_train_commit.cpython-312.pyc","UNKNOWN_REQUIRES_REVIEW","50546","22FED4DA34117384324C9C59CD930CE9000318A8D16603F5CF14842497ADA8EC","False","2026-08-05T09:00:43.8774595Z"
"cache/__pycache__/stage8d_build_compare_commit.cpython-312.pyc","UNKNOWN_REQUIRES_REVIEW","63614","FD0D78B46DBBE9C03D14D63F4E4CCFE868681CA22F335A967E544A79A41AEC5B","False","2026-08-05T10:59:46.1611896Z"
"cache/__pycache__/stage8e_build_evaluate_commit.cpython-312.pyc","UNKNOWN_REQUIRES_REVIEW","60180","4DDDD81869AEB0FF272BE5E40856728ECAEC8E4B949E06102893F0A5D49BF6C5","False","2026-08-05T12:00:26.0280437Z"
"cache/__pycache__/stage9a_build_shared_cohort_commit.cpython-312.pyc","UNKNOWN_REQUIRES_REVIEW","44820","E53C4D81DDAAF9C756B3680FAC7E6D0414F200486035F555928EEDD0161A3874","False","2026-08-05T13:14:17.0916568Z"
"cache/__pycache__/stage9b_build_train_commit.cpython-312.pyc","UNKNOWN_REQUIRES_REVIEW","64509","0B1C70524EBE4A22D823799F2FE0CBF5039A646790AB295CD651461BB1863280","False","2026-08-05T15:28:50.8767123Z"
"reports/project_audit/artifact_inventory.csv","UNKNOWN_REQUIRES_REVIEW","200003","9616F49478003F9946BB12ADBB3FD4270988730A960296C21EBF9173543AE50A","False","2026-08-05T17:03:47.1557194Z"
"reports/project_audit/data_governance_audit.json","UNKNOWN_REQUIRES_REVIEW","613","B759663741A9376F4B0336D9A465EA103E978122C08B0E9AB4642DE7F979D048","False","2026-08-05T17:04:00.0799268Z"
"reports/project_audit/data_inventory.csv","UNKNOWN_REQUIRES_REVIEW","2191","A5F6AE8BBD2EC9C7BDF7E0427F9C51C81B4D47731E9E1EB851135BB4BFD45D1C","False","2026-08-05T17:05:35.2775972Z"
"reports/project_audit/deletion_candidates.csv","UNKNOWN_REQUIRES_REVIEW","5390304","DFB65952E1D90373306DB313BEC3088A0351004C5E5C43675D2674CAE126AC2E","False","2026-08-05T17:03:59.7306626Z"
"reports/project_audit/dependency_audit.json","UNKNOWN_REQUIRES_REVIEW","1130","76DBEBBF9789A983AB81218B55EEF542B0301580920747B35F2DE31F230E26E4","False","2026-08-05T17:04:00.0799268Z"
"reports/project_audit/git_audit.json","UNKNOWN_REQUIRES_REVIEW","1341","D2DE649A47BC849DFBD61EF1F57834EB7032D89A612BDDB916DC867C3BABA8CD","False","2026-08-05T17:04:00.0799268Z"
"reports/project_audit/PROJECT_AUDIT_SUMMARY.md","UNKNOWN_REQUIRES_REVIEW","2049","9427CFF6E94E80F01F6CA592DCACC2D80763A79FF79BA6EA168186774C8F2080","False","2026-08-05T17:04:00.0799268Z"
"reports/project_audit/repository_inventory.csv","UNKNOWN_REQUIRES_REVIEW","38126","B09C0B801601DF139EC4A0BB0F10A4164A999810941D935A1440EEBF4ED09FDD","False","2026-08-05T17:04:56.0755934Z"
"reports/project_audit/stage9b_performance_profile.json","UNKNOWN_REQUIRES_REVIEW","955","E777F158C4D7656EF2267A641C0F8419D07EBD731529E376ECE02FC675D4CB9D","False","2026-08-05T17:02:35.6728759Z"
"reports/project_audit/stage9b_recovery_inventory.csv","UNKNOWN_REQUIRES_REVIEW","1536","CF8395435CFE9989895C3779DB10597E578E67705CB07D34B533E5E373712172","False","2026-08-05T17:02:36.4348687Z"
"reports/project_audit/stage_roadmap_mapping.csv","UNKNOWN_REQUIRES_REVIEW","1366","1C955CB0BE605E85940B9F006083B68FEB8687C71E3D974ED28BEC4508B2950F","False","2026-08-05T17:03:59.7306626Z"
"reports/project_audit/stage_status_matrix.csv","UNKNOWN_REQUIRES_REVIEW","655","DD85C1BB6453FE57BB1993B92942E284FF4D5CA62EE00D962FF5DBCAA031BAD9","False","2026-08-05T17:03:59.7306626Z"
"reports/project_audit/unresolved_items.md","UNKNOWN_REQUIRES_REVIEW","601","724406B87472CF5AAE8BD0619CECEF35064F4780FCE7C5A333ED7AAEB8CE1AF0","False","2026-08-05T17:04:00.0799268Z"
"reports/stage2/environment_validation.json","KEEP_TRACKED","1005","E50CCDEB813CFC322C247C16DAF19A6E7EDD5AE4D80A1711EB251C37092E25A0","True","2026-08-03T11:18:26.4021173Z"
"reports/stage3/DATASET_AUDIT.md","KEEP_TRACKED","1644","3469A8F3FBF12BEA7896EDC6F3D89B77A964716724E2907523BB15DBDEDE7CFF","True","2026-08-03T11:32:03.9623194Z"
"reports/stage3/dataset_inventory.csv","KEEP_TRACKED","1103","4A6BC00472AB453C3DD6976F0DC958D55202102E50FD1936EA15A65DBC5C9740","True","2026-08-03T11:32:03.9623194Z"
"reports/stage3/dataset_registry.json","KEEP_TRACKED","9140","BB25F007DA914D134656B7538B0381E0F573D55619C78B7E358BDF87D139E4B1","True","2026-08-03T11:32:03.9623194Z"
"reports/stage3/integrity_summary.json","KEEP_TRACKED","9621","2BECACF8E99E25E78F790B1BFA3D68E76DAE52564C683E83804A9941BAB16401","True","2026-08-03T11:32:03.9623194Z"
"reports/stage3/local/detailed_issues.json","UNKNOWN_REQUIRES_REVIEW","100","20FF987E2F2A65661CBF56C4C4E27673EBDEB1615A1605E707454BDFF98768B2","False","2026-08-03T11:32:03.9623194Z"
"reports/stage4/DATASET_STRUCTURE_VALIDATION.md","KEEP_TRACKED","2361","17797EA2C2C7D622BD550B6DCAC978242637BD62A4ABA4429D5A83E6C2F4A6CC","True","2026-08-03T11:49:26.2475831Z"
"reports/stage4/metadata_profiles.json","KEEP_TRACKED","21111","D9F0F9EBF2F6334333C5F3FAAA4970362D01FB3B7EA255CF97EE3DCBCB0D6265","True","2026-08-03T11:49:26.2475831Z"
"reports/stage4/structure_summary.json","KEEP_TRACKED","28695","C314DF9F3A9CFBE60DFC562FF6C5646DFBAC74E9AA003BA8486660A39A5F21BF","True","2026-08-03T11:49:26.2475831Z"
"reports/stage4_1/IDENTITY_MAPPING_DISCOVERY.md","KEEP_TRACKED","2091","9A0E1F78A9AE9C8CCB1704D76ACCFEEDF708818E634211B39BB63C0250985623","True","2026-08-03T12:02:51.4225568Z"
"reports/stage4_1/identity_mapping_summary.json","KEEP_TRACKED","49380","00344166568E45E16FAB9E6C5314F436D89C2506E9178797225C51058C1CAAA6","True","2026-08-03T12:02:51.4225568Z"
"reports/stage4_2/ADAPTER_SPLIT_REPORT.md","KEEP_TRACKED","1975","0DEECA8F5219289E19DDDDA006FA06CD5FC26919D757F819E834926B7E707C5E","True","2026-08-03T13:10:56.3886019Z"
"reports/stage4_2/adapter_split_summary.json","KEEP_TRACKED","15088","0CCA27C4E2FA04252CC5FF1AC3E72ED481E3186302076AE4D0F69E21356E95BB","True","2026-08-03T13:10:56.3886019Z"
"reports/stage4_2/local/issues/chexpert_small.jsonl","UNKNOWN_REQUIRES_REVIEW","0","E3B0C44298FC1C149AFBF4C8996FB92427AE41E4649B934CA495991B7852B855","False","2026-08-03T13:10:26.3310627Z"
"reports/stage4_2/local/issues/covid_radiography.jsonl","UNKNOWN_REQUIRES_REVIEW","0","E3B0C44298FC1C149AFBF4C8996FB92427AE41E4649B934CA495991B7852B855","False","2026-08-03T13:10:53.5966703Z"
"reports/stage4_2/local/issues/crd_masks.jsonl","UNKNOWN_REQUIRES_REVIEW","0","E3B0C44298FC1C149AFBF4C8996FB92427AE41E4649B934CA495991B7852B855","False","2026-08-03T12:59:39.8499351Z"
"reports/stage4_2/local/issues/indiana_reports.jsonl","UNKNOWN_REQUIRES_REVIEW","53393","715E3E0A53EB25A714F1211AE1579EF833BD8410AE7D0CD14E9C60619CEFF7BC","False","2026-08-03T12:59:39.3209391Z"
"reports/stage4_2/local/issues/nih_chestxray14.jsonl","UNKNOWN_REQUIRES_REVIEW","0","E3B0C44298FC1C149AFBF4C8996FB92427AE41E4649B934CA495991B7852B855","False","2026-08-03T12:52:14.4574846Z"
"reports/stage4_2/local/issues/rsna_pneumonia.jsonl","UNKNOWN_REQUIRES_REVIEW","0","E3B0C44298FC1C149AFBF4C8996FB92427AE41E4649B934CA495991B7852B855","False","2026-08-03T12:59:44.8427949Z"
"reports/stage4_2/local/issues/tbx11k.jsonl","UNKNOWN_REQUIRES_REVIEW","0","E3B0C44298FC1C149AFBF4C8996FB92427AE41E4649B934CA495991B7852B855","False","2026-08-03T13:10:50.6236516Z"
"reports/stage4_2/local/issues/vinbigdata.jsonl","UNKNOWN_REQUIRES_REVIEW","0","E3B0C44298FC1C149AFBF4C8996FB92427AE41E4649B934CA495991B7852B855","False","2026-08-03T12:52:30.8617494Z"
"reports/stage4_2/local/manifests/chexpert_small.jsonl","UNKNOWN_REQUIRES_REVIEW","137354506","DEFERRED_LARGE_FILE","False","2026-08-03T13:10:49.8029283Z"
"reports/stage4_2/local/manifests/covid_radiography.jsonl","UNKNOWN_REQUIRES_REVIEW","13336635","6F3ADDCDCF2A8AB4329FA7D40272272F0601983E73B5E5EBA1FF0199D17CA9F4","False","2026-08-03T13:10:56.3726678Z"
"reports/stage4_2/local/manifests/crd_masks.jsonl","UNKNOWN_REQUIRES_REVIEW","3841636","C7844065EBB2B62DA797F42A08D6CEB9B07E9498797C7FD534897D707307C0D4","False","2026-08-03T12:59:40.7867061Z"
"reports/stage4_2/local/manifests/indiana_reports.jsonl","UNKNOWN_REQUIRES_REVIEW","4108619","4D932756E0A44E75031CCCDEF3CB8E4F12A616FB3DBBC503A5FD2DE519030B1A","False","2026-08-03T12:59:39.3229426Z"
"reports/stage4_2/local/manifests/nih_chestxray14.jsonl","UNKNOWN_REQUIRES_REVIEW","66158921","5AB3DF97A53F5FCBB102213A83F656CE092802027B75FD9FE5E8DC9375825EBB","False","2026-08-03T12:52:25.5662838Z"
"reports/stage4_2/local/manifests/rsna_pneumonia.jsonl","UNKNOWN_REQUIRES_REVIEW","19169834","C65BB5A6AFC976C8D9A3BEAB420E210479C8349F514B08813BB1B21F8CDD0751","False","2026-08-03T13:09:29.1370310Z"
"reports/stage4_2/local/manifests/tbx11k.jsonl","UNKNOWN_REQUIRES_REVIEW","5862105","1E6BB1124DC485AEB2F532C69B2090A1E0058EBE4EB8B24CAC3C7CAA1C09E400","False","2026-08-03T13:10:51.7021421Z"
"reports/stage4_2/local/manifests/vinbigdata.jsonl","UNKNOWN_REQUIRES_REVIEW","9869165","AC390981AF8997A60A5E705ED0473B8B109304E203592580F30BAC9E20C8B222","False","2026-08-03T12:59:38.2431406Z"
"reports/stage4_3/RESOLUTION_REPORT.md","KEEP_TRACKED","1825","BB9B86FAE2B056D38C744165074A7A47B4A74F106F0CCC0B08672A87C828B658","True","2026-08-03T13:43:17.2327989Z"
"reports/stage4_3/resolution_summary.json","KEEP_TRACKED","4106","B6CF77B303D739B71CAA53146693E9CA9C7C6F5980309FFA69ACF69D75007811","True","2026-08-03T13:43:17.2170941Z"
"reports/stage4_3/local/manifests/covid_radiography.jsonl","UNKNOWN_REQUIRES_REVIEW","8656939","1BCDF3AE0E6F959057B8F7738A7C6B3F998EB2AA27415C95E360816E9AD3FC97","False","2026-08-03T13:43:17.2014345Z"
"reports/stage4_3/local/manifests/crd_masks.jsonl","UNKNOWN_REQUIRES_REVIEW","0","E3B0C44298FC1C149AFBF4C8996FB92427AE41E4649B934CA495991B7852B855","False","2026-08-03T13:42:08.8381240Z"
"reports/stage4_3/local/manifests/indiana_reports.jsonl","UNKNOWN_REQUIRES_REVIEW","2598450","2537AFE0F73AC7AC2CDC9F5CC5C15AAD3B67BF61615AE88F757DD9C52B6B9C79","False","2026-08-03T13:42:08.5886807Z"
"reports/stage4_3/local/manifests/nih_chexmask.jsonl","UNKNOWN_REQUIRES_REVIEW","52515254","678D2867451BCAA665B98B76B872168446D3AC8454C4DC4CC87516D306C523DD","False","2026-08-03T13:42:02.2724695Z"
"reports/stage4_3/local/manifests/siim_pneumothorax.jsonl","UNKNOWN_REQUIRES_REVIEW","1278795","5F7B50DEC983B996C53D21149FE154C6572DBD1F40FF0E4FDC36120911ADB9AD","False","2026-08-03T13:43:14.0309567Z"
"reports/stage4_3/local/manifests/tbx11k.jsonl","UNKNOWN_REQUIRES_REVIEW","2789577","EDCC5BD80C19A544238EDDC454A1F6A919F7AD18AD37D9E748E5270FE985C6E6","False","2026-08-03T13:43:14.9291709Z"
"reports/stage4_3/local/manifests/vinbigdata.jsonl","UNKNOWN_REQUIRES_REVIEW","7360202","46CF347DA32AA9E93DAE8A215EEC8A7417996557385A58267A06C2D56C65A9B7","False","2026-08-03T13:42:08.1217718Z"
"reports/stage4_4/data_readiness_summary.json","KEEP_TRACKED","4159","4313C85EF85425536B75DB2B7D2C68E3707FE0593BB8E63F6EB9CDE1880A7AD0","True","2026-08-03T14:35:32.3444669Z"
"reports/stage4_4/FINAL_DATA_READINESS.md","KEEP_TRACKED","2309","8585EFE65C02F858DFD1E052C6B12E7F4789049DC6A3367FD88EF55913975727","True","2026-08-03T14:35:32.3444669Z"
"reports/stage4_4/training_sequence.csv","KEEP_TRACKED","579","8288956B7A8272485C939A87B2376BDA56F25C29118CB78C4846F864CAA99A4B","True","2026-08-03T14:35:32.3464700Z"
"reports/stage5/stage5_summary.json","KEEP_TRACKED","13994","C6F2A4A766794B628E68128EDE94D09120A297AD96AC0EE353C594532571CB4B","True","2026-08-03T16:52:42.6583292Z"
"reports/stage5/STAGE5_TRAINING_REPORT.md","KEEP_TRACKED","746","59E97A562EBE1987D671C3D6ED461076574227C30E73C42545A86E22CCD99D8D","True","2026-08-03T16:52:42.6583292Z"
"reports/stage5/local/chexpert_stage5_index.csv","UNKNOWN_REQUIRES_REVIEW","19090044","880CC332960CA62D9900BEC6D6D80C00DB5283F186D5977C325BD176F7C105C3","False","2026-08-03T16:48:07.0590166Z"
"reports/stage5/local/stage5_confusion_matrix.png","UNKNOWN_REQUIRES_REVIEW","7153","759D05E08282AF16898D41E8FD117C15B1BBDAA112E3B6987D5DC919A9C66B25","False","2026-08-03T16:52:42.6851423Z"
"reports/stage6/stage6_history.csv","KEEP_TRACKED","19901","860486EDD5920EBFC79407FDE681FF3EBC7E6BEFB7712CD2A0E71F8B02D708F7","True","2026-08-04T09:37:43.5664735Z"
"reports/stage6/stage6_summary.json","KEEP_TRACKED","13727","34669DF451EE3DF4CB74CFA3F8B21035718C333272A5221B8497830C53A21D36","True","2026-08-04T11:36:05.4661373Z"
"reports/stage6/stage6_thresholds.json","KEEP_TRACKED","686","3EDA1AD3CA1C9A93B0924906F0A2F6D7FB0D0BF96450C2DF179F4CBB09C1B99F","True","2026-08-04T11:36:05.4761645Z"
"reports/stage6/STAGE6_TRAINING_REPORT.md","KEEP_TRACKED","690","3BAA108ABA3FD9455915A24D786396BA41CB224D77DD4EE9D916F4D8E9D130C2","True","2026-08-04T11:36:05.4761645Z"
"reports/stage7/stage7b_manifest.json","KEEP_TRACKED","47957","CCCEC087E0D5AE83F8B5D1B5DEB021CB8C38A56E24AA290E51358EE77DCB8FF6","True","2026-08-04T15:40:09.7402451Z"
"reports/stage7/STAGE7B_RAD_DINO_CLS_REPORT.md","KEEP_TRACKED","1526","DA6E52E51942E4DEF7DF0A7ADAECE32F44B621CB92B6B00AEC6C16AF3B1F51E6","True","2026-08-04T15:40:09.7610108Z"
"reports/stage7/stage7b_summary.json","KEEP_TRACKED","53266","3D67E64BD22549DDABC207FBCCD45534C3471F868D961E10EA9A14B26A032973","True","2026-08-04T15:40:09.7610108Z"
"reports/stage7/stage7c_comparison.json","KEEP_TRACKED","4854","E859BBF9CE90E85A362B92BF57CE568CD6D2E2F4A10016AA9965CAF995A5314F","True","2026-08-04T16:07:36.5149034Z"
"reports/stage7/stage7c_history.csv","KEEP_TRACKED","7337","D4EC8620E3C00C9455578C37BF429CF9D2BA8287C27A81FC61EF5D0208EBF028","True","2026-08-04T16:07:36.4992343Z"
"reports/stage7/STAGE7C_PROBE_TRAINING_REPORT.md","KEEP_TRACKED","1220","AD8E048BCCA86BD31CDDD38E1B0365826CD508317982418DA06CDCE4E61168AA","True","2026-08-04T16:07:36.5149034Z"
"reports/stage7/stage7c_summary.json","KEEP_TRACKED","27497","F2EBE3AB8C1196FA8CAD8E7536A07BF8CDE5ED066E4931D218C79C5718468957","True","2026-08-04T16:07:36.4992343Z"
"reports/stage7/stage7c_thresholds.json","KEEP_TRACKED","739","9E686D5077753F1BE0D2374EB5BCC68E31DAE8392A5EAF6DC26CE9CB1FFF8176","True","2026-08-04T16:07:36.5149034Z"
"reports/stage7/stage7d_bootstrap_intervals.csv","KEEP_TRACKED","13857","8DB38C6CAEB814C40B640F8CD97D22F3AD1594D293275961814B6CDD6987A3AF","True","2026-08-04T20:03:26.2622611Z"
"reports/stage7/stage7d_comparison_summary.json","KEEP_TRACKED","19788","60244B02CAF1C4734047AECCE314616D1D2C2F3B539CFE47CA59E8A21AE6932D","True","2026-08-04T20:03:26.7569342Z"
"reports/stage7/stage7d_efficiency_comparison.json","KEEP_TRACKED","1108","ABD64DC1376C7BF6E236E840FB87FEB4D2364146D0EF4C7741956213061BC388","True","2026-08-04T20:03:26.2622611Z"
"reports/stage7/STAGE7D_MODEL_COMPARISON_REPORT.md","KEEP_TRACKED","2116","68CA28F26599DA192157EF11D405E60C7380CAEC7D0A36EDB37EC38C61297133","True","2026-08-04T20:03:26.7663273Z"
"reports/stage7/stage7d_per_label_metrics.csv","KEEP_TRACKED","9727","31862A2186A220A85BD67B81E0D3C7FC06C8ED3B1AAD678DF288B2E67EFCC65C","True","2026-08-04T20:03:26.2622611Z"
"reports/stage7/stage7e_image_metrics.csv","KEEP_TRACKED","11334","EA1D3DDD1F3B2F22F4689D2A7DA8F39899C7BF16CFCD64A1D9F87A2C2599FF11","True","2026-08-04T20:16:43.7622798Z"
"reports/stage7/stage7e_label_summary.csv","KEEP_TRACKED","6015","867A976CDB90F422FEE10750C1E097B8E1B36DEC04610EA11057554CB5FF9C2A","True","2026-08-04T20:16:43.7622798Z"
"reports/stage7/stage7e_manifest.json","KEEP_TRACKED","1849","8B6366DF5D6DB720E5518A56ECB17297B724F3365A913E84132CBD679672CFFE","True","2026-08-04T20:16:43.7622798Z"
"reports/stage7/STAGE7E_PATCH_TOKEN_AUDIT_REPORT.md","KEEP_TRACKED","1486","5F8263D97690C539903C5E7512AD5A732FAF98418CFE9E709EF83C1BED006731","True","2026-08-04T20:16:43.7782985Z"
"reports/stage7/stage7e_summary.json","KEEP_TRACKED","3914","2394044F38829A09F581E038DDCA213605A829AE022B84C6AFC72189D7004D8D","True","2026-08-04T20:16:43.7782985Z"
"reports/stage8/STAGE8A_SEGMENTATION_READINESS_REPORT.md","KEEP_TRACKED","1550","4975E761DDBF5B903B6370CE4C5B0B2E0319C3E51BEEA0229D02E867A79344F3","True","2026-08-04T20:42:29.4066268Z"
"reports/stage8/stage8a_summary.json","KEEP_TRACKED","2012","E3E9D305E07F8A32C10AEB9F8DFEB5F5E672CC082ED9B19EF53A17186E1A5516","True","2026-08-04T20:42:29.4066268Z"
"reports/stage8/stage8b_history.csv","KEEP_TRACKED","6509","5D0A49DC218EB94F1970EF8E74A0093F926ACFD5C6D425EF6E8B79C8DF58CF22","True","2026-08-05T01:30:02.6641163Z"
"reports/stage8/stage8b_per_organ_metrics.csv","KEEP_TRACKED","382","E71F6BD6846640242758F96FC965CD241DD2E6D6BB683BC10BF4AA755054A80D","True","2026-08-05T01:30:02.6641163Z"
"reports/stage8/stage8b_summary.json","KEEP_TRACKED","3161","0491D0C7E4CD5B84986C14AC850BF694AAC2AC23228CE0E5E88302248385DA87","True","2026-08-05T01:30:02.6537988Z"
"reports/stage8/stage8b_thresholds.json","KEEP_TRACKED","61","23B1CA23BF13F78C342701EA7F8A56A4259667D059C3B8D9425BFA89B1CF4BCB","True","2026-08-05T01:30:02.6641163Z"
"reports/stage8/STAGE8B_UNET_BASELINE_REPORT.md","KEEP_TRACKED","887","CC5AF65C89EB70748F8C11D5C8846BADA6387D33507CFA54EE2ACAB935B78378","True","2026-08-05T01:30:02.6641163Z"
"reports/stage8/STAGE8C_COVERAGE_CONTINUATION_REPORT.md","KEEP_TRACKED","618","3F3FB238D76EA5744505F71C4BA56487FF6D3880DC16E6ED56312A4B0252A9C2","True","2026-08-05T10:35:59.1988441Z"
"reports/stage8/stage8c_coverage_summary.csv","KEEP_TRACKED","2088","4C8FF7C86FEBEF1455335366E4DD15E5ED7893A43348194C6AA6A0AE3B62337D","True","2026-08-05T10:35:59.1885674Z"
"reports/stage8/stage8c_history.csv","KEEP_TRACKED","6081","A41BE015FF93B106B5161858AE32DF6E916D60718D55DE36F46B89B76C5F9DB4","True","2026-08-05T10:35:59.1885674Z"
"reports/stage8/stage8c_summary.json","KEEP_TRACKED","2208","64BBE1117534775BE633749097F92CCAE648636C15743CF21EBC76B0F388413D","True","2026-08-05T10:35:59.1885674Z"
"reports/stage8/stage8c_thresholds.json","KEEP_TRACKED","61","52DAB314C34D2F079203A13ECEB54BFB5FE3C8A88E2FAEA878746A76B49C0B42","True","2026-08-05T10:35:59.1885674Z"
"reports/stage8/stage8d_bootstrap_intervals.csv","KEEP_TRACKED","722","67DD7650E89F870FEF66B3A9989A12326C9AE892F2A9D4DBBB6622E8B6A9A4A5","True","2026-08-05T11:16:21.3831101Z"
"reports/stage8/stage8d_efficiency_comparison.json","KEEP_TRACKED","632","93D3FD2F09BB548328147D614238CD090A5EADDEE65EA1655DDC9823ECB9D1E5","True","2026-08-05T11:16:21.3831101Z"
"reports/stage8/stage8d_per_organ_metrics.csv","KEEP_TRACKED","1939","DFC5624042A24230E05D850448358B31E611295C561ED57BADD90DA39E992802","True","2026-08-05T11:16:21.3831101Z"
"reports/stage8/STAGE8D_SEGMENTATION_COMPARISON_REPORT.md","KEEP_TRACKED","846","C750DAD1E2CAF22B4DDDD494887BF47B5103B319E61677C783CE9C7C69E6CAE9","True","2026-08-05T11:16:21.3831101Z"
"reports/stage8/stage8d_summary.json","KEEP_TRACKED","7012","25B11E83DDF715915557E48C15541FF587B21E509884C964ECE82C31E2B0D1FB","True","2026-08-05T11:16:21.3831101Z"
"reports/stage8/stage8e_bootstrap_intervals.csv","KEEP_TRACKED","381","3937593C484D0FE85B4FFCD3516152B29F59D345B383327A0DAF74DD56A4BFB7","True","2026-08-05T12:11:42.4300844Z"
"reports/stage8/stage8e_efficiency.json","KEEP_TRACKED","321","837483766E9F5A9BB1411C4FB54AE094493D7E1BE79BF0DD26C4344ED9BBB9AE","True","2026-08-05T12:11:42.4300844Z"
"reports/stage8/STAGE8E_FINAL_SEGMENTATION_EVALUATION_REPORT.md","KEEP_TRACKED","1162","0DB9F32390D32B301C5E226F4C3D3391966E6E54569ADAFB9623E10705252F6E","True","2026-08-05T12:11:42.4349251Z"
"reports/stage8/stage8e_per_organ_metrics.csv","KEEP_TRACKED","381","4AFA80CDBBFA3E3497C08315B28AA6BCA3B62E16A0AF6338B6DCEEEB37715A64","True","2026-08-05T12:11:42.4300844Z"
"reports/stage8/stage8e_summary.json","KEEP_TRACKED","4102","C1AFC412E47466F0AC7D06F570E4731969DD86AFF4B632DFE3F184E742AF510F","True","2026-08-05T12:11:42.4300844Z"
"reports/stage9/stage9a_label_distribution.csv","KEEP_TRACKED","2133","96AD89D986DAEF655D12A78A579E5855C00CF7F9BD668542A367C9CFCD893096","True","2026-08-05T13:14:33.4588268Z"
"reports/stage9/STAGE9A_SHARED_COHORT_REPORT.md","KEEP_TRACKED","855","6E06B0F246E556433FB46430F3FFE26CC7821BE7FD5787B0A77BBDAC5513DA0E","True","2026-08-05T13:14:33.4588268Z"
"reports/stage9/stage9a_summary.json","KEEP_TRACKED","8239","3B68DAFFF5E4733ACD546E2C5809B4295A98BA45492236963C4B73EA5663FAEB","True","2026-08-05T13:14:33.4588268Z"
